This is pdfTeX, Version 3.141592653-2.6-1.40.25 (MiKTeX 24.1) (preloaded format=pdflatex 2025.12.11)  21 DEC 2025 23:55
entering extended mode
 restricted \write18 enabled.
 file:line:error style messages enabled.
 %&-line parsing enabled.
**c:/1_Workspace/4_Nam_4/1_HocKy_251/1_Do_An_Chuyen_Nganh/Báo_Cáo_Đồ_Án_Chuyên_Ngành/main.tex
(c:/1_Workspace/4_Nam_4/1_HocKy_251/1_Do_An_Chuyen_Nganh/Báo_Cáo_Đồ_Án_Chuyên_Ngành/main.tex
LaTeX2e <2023-11-01> patch level 1
L3 programming layer <2024-01-04>
(C:\Users\khanh\AppData\Local\Programs\MiKTeX\tex/latex/base\article.cls
Document Class: article 2023/05/17 v1.4n Standard LaTeX document class
(C:\Users\khanh\AppData\Local\Programs\MiKTeX\tex/latex/base\size12.clo
File: size12.clo 2023/05/17 v1.4n Standard LaTeX file (size option)
)
\c@part=\count187
\c@section=\count188
\c@subsection=\count189
\c@subsubsection=\count190
\c@paragraph=\count191
\c@subparagraph=\count192
\c@figure=\count193
\c@table=\count194
\abovecaptionskip=\skip48
\belowcaptionskip=\skip49
\bibindent=\dimen140
) (C:\Users\khanh\AppData\Local\Programs\MiKTeX\tex/latex/lm\lmodern.sty
Package: lmodern 2015/05/01 v1.6.1 Latin Modern Fonts
LaTeX Font Info:    Overwriting symbol font `operators' in version `normal'
(Font)                  OT1/cmr/m/n --> OT1/lmr/m/n on input line 22.
LaTeX Font Info:    Overwriting symbol font `letters' in version `normal'
(Font)                  OML/cmm/m/it --> OML/lmm/m/it on input line 23.
LaTeX Font Info:    Overwriting symbol font `symbols' in version `normal'
(Font)                  OMS/cmsy/m/n --> OMS/lmsy/m/n on input line 24.
LaTeX Font Info:    Overwriting symbol font `largesymbols' in version `normal'
(Font)                  OMX/cmex/m/n --> OMX/lmex/m/n on input line 25.
LaTeX Font Info:    Overwriting symbol font `operators' in version `bold'
(Font)                  OT1/cmr/bx/n --> OT1/lmr/bx/n on input line 26.
LaTeX Font Info:    Overwriting symbol font `letters' in version `bold'
(Font)                  OML/cmm/b/it --> OML/lmm/b/it on input line 27.
LaTeX Font Info:    Overwriting symbol font `symbols' in version `bold'
(Font)                  OMS/cmsy/b/n --> OMS/lmsy/b/n on input line 28.
LaTeX Font Info:    Overwriting symbol font `largesymbols' in version `bold'
(Font)                  OMX/cmex/m/n --> OMX/lmex/m/n on input line 29.
LaTeX Font Info:    Overwriting math alphabet `\mathbf' in version `normal'
(Font)                  OT1/cmr/bx/n --> OT1/lmr/bx/n on input line 31.
LaTeX Font Info:    Overwriting math alphabet `\mathsf' in version `normal'
(Font)                  OT1/cmss/m/n --> OT1/lmss/m/n on input line 32.
LaTeX Font Info:    Overwriting math alphabet `\mathit' in version `normal'
(Font)                  OT1/cmr/m/it --> OT1/lmr/m/it on input line 33.
LaTeX Font Info:    Overwriting math alphabet `\mathtt' in version `normal'
(Font)                  OT1/cmtt/m/n --> OT1/lmtt/m/n on input line 34.
LaTeX Font Info:    Overwriting math alphabet `\mathbf' in version `bold'
(Font)                  OT1/cmr/bx/n --> OT1/lmr/bx/n on input line 35.
LaTeX Font Info:    Overwriting math alphabet `\mathsf' in version `bold'
(Font)                  OT1/cmss/bx/n --> OT1/lmss/bx/n on input line 36.
LaTeX Font Info:    Overwriting math alphabet `\mathit' in version `bold'
(Font)                  OT1/cmr/bx/it --> OT1/lmr/bx/it on input line 37.
LaTeX Font Info:    Overwriting math alphabet `\mathtt' in version `bold'
(Font)                  OT1/cmtt/m/n --> OT1/lmtt/m/n on input line 38.
) (C:\Users\khanh\AppData\Local\Programs\MiKTeX\tex/latex/base\fix-cm.sty
Package: fix-cm 2020/11/24 v1.1t fixes to LaTeX
 (C:\Users\khanh\AppData\Local\Programs\MiKTeX\tex/latex/base\ts1enc.def
File: ts1enc.def 2001/06/05 v3.0e (jk/car/fm) Standard LaTeX file
LaTeX Font Info:    Redeclaring font encoding TS1 on input line 47.
)) (C:\Users\khanh\AppData\Local\Programs\MiKTeX\tex/latex/base\fontenc.sty
Package: fontenc 2021/04/29 v2.0v Standard LaTeX package
 (C:\Users\khanh\AppData\Local\Programs\MiKTeX\tex/latex/vntex\t5enc.def
File: t5enc.def 2006/11/21 v1.4 Vietnamese T5 encoding
Now handling font encoding T5 ...
... processing UTF-8 mapping file for font encoding T5
 (C:\Users\khanh\AppData\Local\Programs\MiKTeX\tex/latex/vntex\t5enc.dfu
File: t5enc.dfu 2006/08/19 v1.1 UTF8 support for Vietnamese
   defining Unicode char U+00AB (decimal 171)
   defining Unicode char U+00BB (decimal 187)
   defining Unicode char U+00C0 (decimal 192)
   defining Unicode char U+00C1 (decimal 193)
   defining Unicode char U+00C2 (decimal 194)
   defining Unicode char U+00C3 (decimal 195)
   defining Unicode char U+00C8 (decimal 200)
   defining Unicode char U+00C9 (decimal 201)
   defining Unicode char U+00CA (decimal 202)
   defining Unicode char U+00CC (decimal 204)
   defining Unicode char U+00CD (decimal 205)
   defining Unicode char U+00D2 (decimal 210)
   defining Unicode char U+00D3 (decimal 211)
   defining Unicode char U+00D4 (decimal 212)
   defining Unicode char U+00D5 (decimal 213)
   defining Unicode char U+00D9 (decimal 217)
   defining Unicode char U+00DA (decimal 218)
   defining Unicode char U+00DD (decimal 221)
   defining Unicode char U+00E0 (decimal 224)
   defining Unicode char U+00E1 (decimal 225)
   defining Unicode char U+00E2 (decimal 226)
   defining Unicode char U+00E3 (decimal 227)
   defining Unicode char U+00E8 (decimal 232)
   defining Unicode char U+00E9 (decimal 233)
   defining Unicode char U+00EA (decimal 234)
   defining Unicode char U+00EC (decimal 236)
   defining Unicode char U+00ED (decimal 237)
   defining Unicode char U+00F2 (decimal 242)
   defining Unicode char U+00F3 (decimal 243)
   defining Unicode char U+00F4 (decimal 244)
   defining Unicode char U+00F5 (decimal 245)
   defining Unicode char U+00F9 (decimal 249)
   defining Unicode char U+00FA (decimal 250)
   defining Unicode char U+00FD (decimal 253)
   defining Unicode char U+0102 (decimal 258)
   defining Unicode char U+0103 (decimal 259)
   defining Unicode char U+0110 (decimal 272)
   defining Unicode char U+0111 (decimal 273)
   defining Unicode char U+0128 (decimal 296)
   defining Unicode char U+0129 (decimal 297)
   defining Unicode char U+0131 (decimal 305)
   defining Unicode char U+0168 (decimal 360)
   defining Unicode char U+0169 (decimal 361)
   defining Unicode char U+01A0 (decimal 416)
   defining Unicode char U+01A1 (decimal 417)
   defining Unicode char U+01AF (decimal 431)
   defining Unicode char U+01B0 (decimal 432)
   defining Unicode char U+1EA0 (decimal 7840)
   defining Unicode char U+1EA1 (decimal 7841)
   defining Unicode char U+1EA2 (decimal 7842)
   defining Unicode char U+1EA3 (decimal 7843)
   defining Unicode char U+1EA4 (decimal 7844)
   defining Unicode char U+1EA5 (decimal 7845)
   defining Unicode char U+1EA6 (decimal 7846)
   defining Unicode char U+1EA7 (decimal 7847)
   defining Unicode char U+1EA8 (decimal 7848)
   defining Unicode char U+1EA9 (decimal 7849)
   defining Unicode char U+1EAA (decimal 7850)
   defining Unicode char U+1EAB (decimal 7851)
   defining Unicode char U+1EAC (decimal 7852)
   defining Unicode char U+1EAD (decimal 7853)
   defining Unicode char U+1EAE (decimal 7854)
   defining Unicode char U+1EAF (decimal 7855)
   defining Unicode char U+1EB0 (decimal 7856)
   defining Unicode char U+1EB1 (decimal 7857)
   defining Unicode char U+1EB2 (decimal 7858)
   defining Unicode char U+1EB3 (decimal 7859)
   defining Unicode char U+1EB4 (decimal 7860)
   defining Unicode char U+1EB5 (decimal 7861)
   defining Unicode char U+1EB6 (decimal 7862)
   defining Unicode char U+1EB7 (decimal 7863)
   defining Unicode char U+1EB8 (decimal 7864)
   defining Unicode char U+1EB9 (decimal 7865)
   defining Unicode char U+1EBA (decimal 7866)
   defining Unicode char U+1EBB (decimal 7867)
   defining Unicode char U+1EBC (decimal 7868)
   defining Unicode char U+1EBD (decimal 7869)
   defining Unicode char U+1EBE (decimal 7870)
   defining Unicode char U+1EBF (decimal 7871)
   defining Unicode char U+1EC0 (decimal 7872)
   defining Unicode char U+1EC1 (decimal 7873)
   defining Unicode char U+1EC2 (decimal 7874)
   defining Unicode char U+1EC3 (decimal 7875)
   defining Unicode char U+1EC4 (decimal 7876)
   defining Unicode char U+1EC5 (decimal 7877)
   defining Unicode char U+1EC6 (decimal 7878)
   defining Unicode char U+1EC7 (decimal 7879)
   defining Unicode char U+1EC8 (decimal 7880)
   defining Unicode char U+1EC9 (decimal 7881)
   defining Unicode char U+1ECA (decimal 7882)
   defining Unicode char U+1ECB (decimal 7883)
   defining Unicode char U+1ECC (decimal 7884)
   defining Unicode char U+1ECD (decimal 7885)
   defining Unicode char U+1ECE (decimal 7886)
   defining Unicode char U+1ECF (decimal 7887)
   defining Unicode char U+1ED0 (decimal 7888)
   defining Unicode char U+1ED1 (decimal 7889)
   defining Unicode char U+1ED2 (decimal 7890)
   defining Unicode char U+1ED3 (decimal 7891)
   defining Unicode char U+1ED4 (decimal 7892)
   defining Unicode char U+1ED5 (decimal 7893)
   defining Unicode char U+1ED6 (decimal 7894)
   defining Unicode char U+1ED7 (decimal 7895)
   defining Unicode char U+1ED8 (decimal 7896)
   defining Unicode char U+1ED9 (decimal 7897)
   defining Unicode char U+1EDA (decimal 7898)
   defining Unicode char U+1EDB (decimal 7899)
   defining Unicode char U+1EDC (decimal 7900)
   defining Unicode char U+1EDD (decimal 7901)
   defining Unicode char U+1EDE (decimal 7902)
   defining Unicode char U+1EDF (decimal 7903)
   defining Unicode char U+1EE0 (decimal 7904)
   defining Unicode char U+1EE1 (decimal 7905)
   defining Unicode char U+1EE2 (decimal 7906)
   defining Unicode char U+1EE3 (decimal 7907)
   defining Unicode char U+1EE4 (decimal 7908)
   defining Unicode char U+1EE5 (decimal 7909)
   defining Unicode char U+1EE6 (decimal 7910)
   defining Unicode char U+1EE7 (decimal 7911)
   defining Unicode char U+1EE8 (decimal 7912)
   defining Unicode char U+1EE9 (decimal 7913)
   defining Unicode char U+1EEA (decimal 7914)
   defining Unicode char U+1EEB (decimal 7915)
   defining Unicode char U+1EEC (decimal 7916)
   defining Unicode char U+1EED (decimal 7917)
   defining Unicode char U+1EEE (decimal 7918)
   defining Unicode char U+1EEF (decimal 7919)
   defining Unicode char U+1EF0 (decimal 7920)
   defining Unicode char U+1EF1 (decimal 7921)
   defining Unicode char U+1EF2 (decimal 7922)
   defining Unicode char U+1EF3 (decimal 7923)
   defining Unicode char U+1EF4 (decimal 7924)
   defining Unicode char U+1EF5 (decimal 7925)
   defining Unicode char U+1EF6 (decimal 7926)
   defining Unicode char U+1EF7 (decimal 7927)
   defining Unicode char U+1EF8 (decimal 7928)
   defining Unicode char U+1EF9 (decimal 7929)
   defining Unicode char U+200C (decimal 8204)
   defining Unicode char U+2013 (decimal 8211)
   defining Unicode char U+2014 (decimal 8212)
   defining Unicode char U+2018 (decimal 8216)
   defining Unicode char U+2019 (decimal 8217)
   defining Unicode char U+201A (decimal 8218)
   defining Unicode char U+201C (decimal 8220)
   defining Unicode char U+201D (decimal 8221)
   defining Unicode char U+201E (decimal 8222)
   defining Unicode char U+2030 (decimal 8240)
   defining Unicode char U+2031 (decimal 8241)
   defining Unicode char U+2039 (decimal 8249)
   defining Unicode char U+203A (decimal 8250)
   defining Unicode char U+2423 (decimal 9251)
))
LaTeX Font Info:    Trying to load font information for T1+lmr on input line 112.
 (C:\Users\khanh\AppData\Local\Programs\MiKTeX\tex/latex/lm\t1lmr.fd
File: t1lmr.fd 2015/05/01 v1.6.1 Font defs for Latin Modern
)) (C:\Users\khanh\AppData\Local\Programs\MiKTeX\tex/latex/vntex\vietnam.sty
Package: vietnam 2009/07/12 v1.3 support for Vietnamese
 (C:\Users\khanh\AppData\Local\Programs\MiKTeX\tex/latex/base\ifthen.sty
Package: ifthen 2022/04/13 v1.1d Standard LaTeX ifthen package (DPC)
) (C:\Users\khanh\AppData\Local\Programs\MiKTeX\tex/latex/base\fontenc.sty
Package: fontenc 2021/04/29 v2.0v Standard LaTeX package
LaTeX Font Info:    Trying to load font information for T5+lmr on input line 112.
 (C:\Users\khanh\AppData\Local\Programs\MiKTeX\tex/latex/lm\t5lmr.fd
File: t5lmr.fd 2015/05/01 v1.6.1 Font defs for Latin Modern
)) (C:\Users\khanh\AppData\Local\Programs\MiKTeX\tex/latex/base\inputenc.sty
Package: inputenc 2021/02/14 v1.3d Input encoding file
\inpenc@prehook=\toks17
\inpenc@posthook=\toks18
) (C:\Users\khanh\AppData\Local\Programs\MiKTeX\tex/latex/vntex\vncaps.tex
File: vncaps.tex 2006/06/07 v1.1 Captions in Vietnamese
)) (C:\Users\khanh\AppData\Local\Programs\MiKTeX\tex/latex/amsfonts\amsfonts.sty
Package: amsfonts 2013/01/14 v3.01 Basic AMSFonts support
\@emptytoks=\toks19
\symAMSa=\mathgroup4
\symAMSb=\mathgroup5
LaTeX Font Info:    Redeclaring math symbol \hbar on input line 98.
LaTeX Font Info:    Overwriting math alphabet `\mathfrak' in version `bold'
(Font)                  U/euf/m/n --> U/euf/b/n on input line 106.
) (C:\Users\khanh\AppData\Local\Programs\MiKTeX\tex/latex/amsfonts\amssymb.sty
Package: amssymb 2013/01/14 v3.01 AMS font symbols
) (C:\Users\khanh\AppData\Local\Programs\MiKTeX\tex/latex/a4wide\a4wide.sty
Package: a4wide 1994/08/30
 (C:\Users\khanh\AppData\Local\Programs\MiKTeX\tex/latex/ntgclass\a4.sty
Package: a4 2023/01/10 v1.2g A4 based page layout
)) (C:\Users\khanh\AppData\Local\Programs\MiKTeX\tex/latex/graphics\epsfig.sty
Package: epsfig 2017/06/25 v1.7b (e)psfig emulation (SPQR)
 (C:\Users\khanh\AppData\Local\Programs\MiKTeX\tex/latex/graphics\graphicx.sty
Package: graphicx 2021/09/16 v1.2d Enhanced LaTeX Graphics (DPC,SPQR)
 (C:\Users\khanh\AppData\Local\Programs\MiKTeX\tex/latex/graphics\keyval.sty
Package: keyval 2022/05/29 v1.15 key=value parser (DPC)
\KV@toks@=\toks20
) (C:\Users\khanh\AppData\Local\Programs\MiKTeX\tex/latex/graphics\graphics.sty
Package: graphics 2022/03/10 v1.4e Standard LaTeX Graphics (DPC,SPQR)
 (C:\Users\khanh\AppData\Local\Programs\MiKTeX\tex/latex/graphics\trig.sty
Package: trig 2021/08/11 v1.11 sin cos tan (DPC)
) (C:\Users\khanh\AppData\Local\Programs\MiKTeX\tex/latex/graphics-cfg\graphics.cfg
File: graphics.cfg 2016/06/04 v1.11 sample graphics configuration
)
Package graphics Info: Driver file: pdftex.def on input line 107.
 (C:\Users\khanh\AppData\Local\Programs\MiKTeX\tex/latex/graphics-def\pdftex.def
File: pdftex.def 2022/09/22 v1.2b Graphics/color driver for pdftex
))
\Gin@req@height=\dimen141
\Gin@req@width=\dimen142
)
\epsfxsize=\dimen143
\epsfysize=\dimen144
) (C:\Users\khanh\AppData\Local\Programs\MiKTeX\tex/latex/base\latexsym.sty
Package: latexsym 1998/08/17 v2.2e Standard LaTeX package (lasy symbols)
\symlasy=\mathgroup6
LaTeX Font Info:    Overwriting symbol font `lasy' in version `bold'
(Font)                  U/lasy/m/n --> U/lasy/b/n on input line 52.
) (C:\Users\khanh\AppData\Local\Programs\MiKTeX\tex/latex/tools\array.sty
Package: array 2023/10/16 v2.5g Tabular extension package (FMi)
\col@sep=\dimen145
\ar@mcellbox=\box51
\extrarowheight=\dimen146
\NC@list=\toks21
\extratabsurround=\skip50
\backup@length=\skip51
\ar@cellbox=\box52
) (C:\Users\khanh\AppData\Local\Programs\MiKTeX\tex/latex/tools\hhline.sty
Package: hhline 2020/01/04 v2.04 Table rule package (DPC)
) (C:\Users\khanh\AppData\Local\Programs\MiKTeX\tex/latex/fancyhdr\fancyhdr.sty
Package: fancyhdr 2025/02/07 v5.2 Extensive control of page headers and footers
\f@nch@headwidth=\skip52
\f@nch@offset@elh=\skip53
\f@nch@offset@erh=\skip54
\f@nch@offset@olh=\skip55
\f@nch@offset@orh=\skip56
\f@nch@offset@elf=\skip57
\f@nch@offset@erf=\skip58
\f@nch@offset@olf=\skip59
\f@nch@offset@orf=\skip60
\f@nch@height=\skip61
\f@nch@footalignment=\skip62
\f@nch@widthL=\skip63
\f@nch@widthC=\skip64
\f@nch@widthR=\skip65
\@temptokenb=\toks22
) (C:\Users\khanh\AppData\Local\Programs\MiKTeX\tex/latex/csquotes\csquotes.sty
Package: csquotes 2024-04-04 v5.2o context-sensitive quotations (JAW)
 (C:\Users\khanh\AppData\Local\Programs\MiKTeX\tex/latex/etoolbox\etoolbox.sty
Package: etoolbox 2020/10/05 v2.5k e-TeX tools for LaTeX (JAW)
\etb@tempcnta=\count195
)
\csq@reset=\count196
\csq@gtype=\count197
\csq@glevel=\count198
\csq@qlevel=\count199
\csq@maxlvl=\count266
\csq@tshold=\count267
\csq@ltx@everypar=\toks23
 (C:\Users\khanh\AppData\Local\Programs\MiKTeX\tex/latex/csquotes\csquotes.def
File: csquotes.def 2024-04-04 v5.2o csquotes generic definitions (JAW)
)
Package csquotes Info: Trying to load configuration file 'csquotes.cfg'...
Package csquotes Info: ... configuration file loaded successfully.
 (C:\Users\khanh\AppData\Local\Programs\MiKTeX\tex/latex/csquotes\csquotes.cfg
File: csquotes.cfg 
)) (C:\Users\khanh\AppData\Local\Programs\MiKTeX\tex/latex/biblatex\biblatex.sty
Package: biblatex 2023/03/05 v3.19 programmable bibliographies (PK/MW)
 (C:\Users\khanh\AppData\Local\Programs\MiKTeX\tex/generic/pdftexcmds\pdftexcmds.sty
Package: pdftexcmds 2020-06-27 v0.33 Utility functions of pdfTeX for LuaTeX (HO)
 (C:\Users\khanh\AppData\Local\Programs\MiKTeX\tex/generic/infwarerr\infwarerr.sty
Package: infwarerr 2019/12/03 v1.5 Providing info/warning/error messages (HO)
) (C:\Users\khanh\AppData\Local\Programs\MiKTeX\tex/generic/iftex\iftex.sty
Package: iftex 2022/02/03 v1.0f TeX engine tests
) (C:\Users\khanh\AppData\Local\Programs\MiKTeX\tex/generic/ltxcmds\ltxcmds.sty
Package: ltxcmds 2023-12-04 v1.26 LaTeX kernel commands for general use (HO)
)
Package pdftexcmds Info: \pdf@primitive is available.
Package pdftexcmds Info: \pdf@ifprimitive is available.
Package pdftexcmds Info: \pdfdraftmode found.
) (C:\Users\khanh\AppData\Local\Programs\MiKTeX\tex/latex/kvoptions\kvoptions.sty
Package: kvoptions 2022-06-15 v3.15 Key value format for package options (HO)
 (C:\Users\khanh\AppData\Local\Programs\MiKTeX\tex/latex/kvsetkeys\kvsetkeys.sty
Package: kvsetkeys 2022-10-05 v1.19 Key value parser (HO)
)) (C:\Users\khanh\AppData\Local\Programs\MiKTeX\tex/latex/logreq\logreq.sty
Package: logreq 2010/08/04 v1.0 xml request logger
\lrq@indent=\count268
 (C:\Users\khanh\AppData\Local\Programs\MiKTeX\tex/latex/logreq\logreq.def
File: logreq.def 2010/08/04 v1.0 logreq spec v1.0
)) (C:\Users\khanh\AppData\Local\Programs\MiKTeX\tex/latex/url\url.sty
\Urlmuskip=\muskip16
Package: url 2013/09/16  ver 3.4  Verb mode for urls, etc.
)
\c@tabx@nest=\count269
\c@listtotal=\count270
\c@listcount=\count271
\c@liststart=\count272
\c@liststop=\count273
\c@citecount=\count274
\c@citetotal=\count275
\c@multicitecount=\count276
\c@multicitetotal=\count277
\c@instcount=\count278
\c@maxnames=\count279
\c@minnames=\count280
\c@maxitems=\count281
\c@minitems=\count282
\c@citecounter=\count283
\c@maxcitecounter=\count284
\c@savedcitecounter=\count285
\c@uniquelist=\count286
\c@uniquename=\count287
\c@refsection=\count288
\c@refsegment=\count289
\c@maxextratitle=\count290
\c@maxextratitleyear=\count291
\c@maxextraname=\count292
\c@maxextradate=\count293
\c@maxextraalpha=\count294
\c@abbrvpenalty=\count295
\c@highnamepenalty=\count296
\c@lownamepenalty=\count297
\c@maxparens=\count298
\c@parenlevel=\count299
\blx@tempcnta=\count300
\blx@tempcntb=\count301
\blx@tempcntc=\count302
\c@blx@maxsection=\count303
\blx@maxsegment@0=\count304
\blx@notetype=\count305
\blx@parenlevel@text=\count306
\blx@parenlevel@foot=\count307
\blx@sectionciteorder@0=\count308
\blx@sectionciteorderinternal@0=\count309
\blx@entrysetcounter=\count310
\blx@biblioinstance=\count311
\labelnumberwidth=\skip66
\labelalphawidth=\skip67
\biblabelsep=\skip68
\bibitemsep=\skip69
\bibnamesep=\skip70
\bibinitsep=\skip71
\bibparsep=\skip72
\bibhang=\skip73
\blx@bcfin=\read2
\blx@bcfout=\write3
\blx@langwohyphens=\language79
\c@mincomprange=\count312
\c@maxcomprange=\count313
\c@mincompwidth=\count314
Package biblatex Info: Trying to load biblatex default data model...
Package biblatex Info: ... file 'blx-dm.def' found.
 (C:\Users\khanh\AppData\Local\Programs\MiKTeX\tex/latex/biblatex\blx-dm.def
File: blx-dm.def 2023/03/05 v3.19 biblatex localization (PK/MW)
)
Package biblatex Info: Trying to load biblatex style data model...
Package biblatex Info: ... file 'apa.dbx' found.
 (C:\Users\khanh\AppData\Local\Programs\MiKTeX\tex/latex/biblatex-apa\apa.dbx
File: apa.dbx 2025/08/27 v9.20 APA biblatex style data model
)
Package biblatex Info: Trying to load biblatex custom data model...
Package biblatex Info: ... file 'biblatex-dm.cfg' not found.
\c@afterword=\count315
\c@savedafterword=\count316
\c@annotator=\count317
\c@savedannotator=\count318
\c@author=\count319
\c@savedauthor=\count320
\c@bookauthor=\count321
\c@savedbookauthor=\count322
\c@commentator=\count323
\c@savedcommentator=\count324
\c@editor=\count325
\c@savededitor=\count326
\c@editora=\count327
\c@savededitora=\count328
\c@editorb=\count329
\c@savededitorb=\count330
\c@editorc=\count331
\c@savededitorc=\count332
\c@foreword=\count333
\c@savedforeword=\count334
\c@holder=\count335
\c@savedholder=\count336
\c@introduction=\count337
\c@savedintroduction=\count338
\c@namea=\count339
\c@savednamea=\count340
\c@nameb=\count341
\c@savednameb=\count342
\c@namec=\count343
\c@savednamec=\count344
\c@translator=\count345
\c@savedtranslator=\count346
\c@shortauthor=\count347
\c@savedshortauthor=\count348
\c@shorteditor=\count349
\c@savedshorteditor=\count350
\c@narrator=\count351
\c@savednarrator=\count352
\c@execproducer=\count353
\c@savedexecproducer=\count354
\c@execdirector=\count355
\c@savedexecdirector=\count356
\c@with=\count357
\c@savedwith=\count358
\c@labelname=\count359
\c@savedlabelname=\count360
\c@institution=\count361
\c@savedinstitution=\count362
\c@lista=\count363
\c@savedlista=\count364
\c@listb=\count365
\c@savedlistb=\count366
\c@listc=\count367
\c@savedlistc=\count368
\c@listd=\count369
\c@savedlistd=\count370
\c@liste=\count371
\c@savedliste=\count372
\c@listf=\count373
\c@savedlistf=\count374
\c@location=\count375
\c@savedlocation=\count376
\c@organization=\count377
\c@savedorganization=\count378
\c@origlocation=\count379
\c@savedoriglocation=\count380
\c@origpublisher=\count381
\c@savedorigpublisher=\count382
\c@publisher=\count383
\c@savedpublisher=\count384
\c@language=\count385
\c@savedlanguage=\count386
\c@origlanguage=\count387
\c@savedoriglanguage=\count388
\c@citation=\count389
\c@savedcitation=\count390
\c@pageref=\count391
\c@savedpageref=\count392
\shorthandwidth=\skip74
\shortjournalwidth=\skip75
\shortserieswidth=\skip76
\shorttitlewidth=\skip77
\shortauthorwidth=\skip78
\shorteditorwidth=\skip79
\locallabelnumberwidth=\skip80
\locallabelalphawidth=\skip81
\localshorthandwidth=\skip82
\localshortjournalwidth=\skip83
\localshortserieswidth=\skip84
\localshorttitlewidth=\skip85
\localshortauthorwidth=\skip86
\localshorteditorwidth=\skip87
Package biblatex Info: Trying to load compatibility code...
Package biblatex Info: ... file 'blx-compat.def' found.
 (C:\Users\khanh\AppData\Local\Programs\MiKTeX\tex/latex/biblatex\blx-compat.def
File: blx-compat.def 2023/03/05 v3.19 biblatex compatibility (PK/MW)
)
Package biblatex Info: Trying to load generic definitions...
Package biblatex Info: ... file 'biblatex.def' found.
 (C:\Users\khanh\AppData\Local\Programs\MiKTeX\tex/latex/biblatex\biblatex.def
File: biblatex.def 2023/03/05 v3.19 biblatex compatibility (PK/MW)
\c@textcitecount=\count393
\c@textcitetotal=\count394
\c@textcitemaxnames=\count395
\c@biburlbigbreakpenalty=\count396
\c@biburlbreakpenalty=\count397
\c@biburlnumpenalty=\count398
\c@biburlucpenalty=\count399
\c@biburllcpenalty=\count400
\biburlbigskip=\muskip17
\biburlnumskip=\muskip18
\biburlucskip=\muskip19
\biburllcskip=\muskip20
\c@smartand=\count401
)
Package biblatex Info: Trying to load bibliography style 'apa'...
Package biblatex Info: ... file 'apa.bbx' found.
 (C:\Users\khanh\AppData\Local\Programs\MiKTeX\tex/latex/biblatex-apa\apa.bbx
File: apa.bbx 2025/08/27 v9.20 APA biblatex references style
Package biblatex Info: Trying to load bibliography style 'standard'...
Package biblatex Info: ... file 'standard.bbx' found.
 (C:\Users\khanh\AppData\Local\Programs\MiKTeX\tex/latex/biblatex/bbx\standard.bbx
File: standard.bbx 2023/03/05 v3.19 biblatex bibliography style (PK/MW)
\c@bbx:relatedcount=\count402
\c@bbx:relatedtotal=\count403
)
Package biblatex Info: Delimiter 'nameyeardelim' in context 'bib' already defined, overwriting.
Package biblatex Info: Delimiter 'nameyeardelim' in context 'biblist' already defined, overwriting.
Package biblatex Info: Delimiter 'nonameyeardelim' in context 'bib' already defined, overwriting.
Package biblatex Info: Delimiter 'nonameyeardelim' in context 'biblist' already defined, overwriting.
)
Package biblatex Info: Trying to load citation style 'numeric'...
Package biblatex Info: ... file 'numeric.cbx' found.
 (C:\Users\khanh\AppData\Local\Programs\MiKTeX\tex/latex/biblatex/cbx\numeric.cbx
File: numeric.cbx 2023/03/05 v3.19 biblatex citation style (PK/MW)
Package biblatex Info: Redefining '\cite'.
Package biblatex Info: Redefining '\parencite'.
Package biblatex Info: Redefining '\footcite'.
Package biblatex Info: Redefining '\footcitetext'.
Package biblatex Info: Redefining '\smartcite'.
Package biblatex Info: Redefining '\supercite'.
Package biblatex Info: Redefining '\textcite'.
Package biblatex Info: Redefining '\textcites'.
Package biblatex Info: Redefining '\cites'.
Package biblatex Info: Redefining '\parencites'.
Package biblatex Info: Redefining '\smartcites'.
)
Package biblatex Info: Trying to load configuration file...
Package biblatex Info: ... file 'biblatex.cfg' found.
 (C:\Users\khanh\AppData\Local\Programs\MiKTeX\tex/latex/biblatex\biblatex.cfg
File: biblatex.cfg 
)
Package biblatex Info: Input encoding 'utf8' detected.
Package biblatex Info: Document encoding is UTF8 ....
 (C:\Users\khanh\AppData\Local\Programs\MiKTeX\tex/latex/l3kernel\expl3.sty
Package: expl3 2024-01-04 L3 programming layer (loader) 
 (C:\Users\khanh\AppData\Local\Programs\MiKTeX\tex/latex/l3backend\l3backend-pdftex.def
File: l3backend-pdftex.def 2024-01-04 L3 backend support: PDF output (pdfTeX)
\l__color_backend_stack_int=\count404
\l__pdf_internal_box=\box53
))
Package biblatex Info: ... and expl3
(biblatex)             2024-01-04 L3 programming layer (loader) 
(biblatex)             is new enough (at least 2020/04/06),
(biblatex)             setting 'casechanger=expl3'.
 (C:\Users\khanh\AppData\Local\Programs\MiKTeX\tex/latex/biblatex\blx-case-expl3.sty (C:\Users\khanh\AppData\Local\Programs\MiKTeX\tex/latex/l3packages/xparse\xparse.sty
Package: xparse 2023-10-10 L3 Experimental document command parser
)
Package: blx-case-expl3 2023/03/05 v3.19 expl3 case changing code for biblatex
)) (C:\Users\khanh\AppData\Local\Programs\MiKTeX\tex/latex/appendix\appendix.sty
Package: appendix 2020/02/08 v1.2c extra appendix facilities
\c@@pps=\count405
\c@@ppsavesec=\count406
\c@@ppsaveapp=\count407
) (C:\Users\khanh\AppData\Local\Programs\MiKTeX\tex/latex/psnfss\pifont.sty
Package: pifont 2020/03/25 PSNFSS-v9.3 Pi font support (SPQR) 
LaTeX Font Info:    Trying to load font information for U+pzd on input line 63.
 (C:\Users\khanh\AppData\Local\Programs\MiKTeX\tex/latex/psnfss\upzd.fd
File: upzd.fd 2001/06/04 font definitions for U/pzd.
)
LaTeX Font Info:    Trying to load font information for U+psy on input line 64.
 (C:\Users\khanh\AppData\Local\Programs\MiKTeX\tex/latex/psnfss\upsy.fd
File: upsy.fd 2001/06/04 font definitions for U/psy.
)) (C:\Users\khanh\AppData\Local\Programs\MiKTeX\tex/latex/vcell\vcell.sty
Package: vcell 2021/04/30 v1.0.2
\rowheight=\dimen147
\rowht=\dimen148
\rowdp=\dimen149
\@cellcount=\count408
\@cellusecount=\count409
\@celltemp=\box54
) (C:\Users\khanh\AppData\Local\Programs\MiKTeX\tex/latex/tabularray\tabularray.sty
Package: tabularray 2025-08-29 v2025B Typeset tabulars and arrays with LaTeX3
\l__tblr_a_int=\count410
\l__tblr_c_int=\count411
\l__tblr_r_int=\count412
\l__tblr_d_dim=\dimen150
\l__tblr_h_dim=\dimen151
\l__tblr_o_dim=\dimen152
\l__tblr_p_dim=\dimen153
\l__tblr_q_dim=\dimen154
\l__tblr_r_dim=\dimen155
\l__tblr_s_dim=\dimen156
\l__tblr_t_dim=\dimen157
\l__tblr_v_dim=\dimen158
\l__tblr_w_dim=\dimen159
\l__tblr_a_box=\box55
\l__tblr_b_box=\box56
\l__tblr_c_box=\box57
\l__tblr_d_box=\box58
\c@tblrcount=\count413
\c@rownum=\count414
\c@colnum=\count415
\c@rowcount=\count416
\c@colcount=\count417
\abovesep=\dimen160
\belowsep=\dimen161
\leftsep=\dimen162
\rightsep=\dimen163
\gTblrLevelInt=\count418
\g__tblr_data_row_key_count_int=\count419
\g__tblr_data_column_key_count_int=\count420
\g__tblr_data_cell_key_count_int=\count421
\g__tblr_array_int=\count422
\l__tblr_key_count_int=\count423
\l__tblr_key_quotient_int=\count424
\l__tblr_key_quotient_two_int=\count425
\l__tblr_key_remainder_int=\count426
\g__tblr_data_str_value_count_int=\count427
\lTblrChildTotalInt=\count428
\lTblrChildHtotalInt=\count429
\lTblrChildVtotalInt=\count430
\l__child_diff_h_int=\count431
\l__child_diff_v_int=\count432
\l__child_sign_h_int=\count433
\l__child_sign_v_int=\count434
\l__child_step_int=\count435
\lTblrDefaultHruleWidthDim=\dimen164
\lTblrDefaultVruleWidthDim=\dimen165
\l__tblr_split_balance_int=\count436
\l__tblr_strut_dp_dim=\dimen166
\l__tblr_strut_ht_dim=\dimen167
\g__tblr_cell_wd_dim=\dimen168
\g__tblr_cell_ht_dim=\dimen169
\g__tblr_cell_head_dim=\dimen170
\g__tblr_cell_foot_dim=\dimen171
\l__tblr_measured_cell_box=\box59
\g__tblr_last_box=\box60
\l__tblr_temp_box=\box61
\l__tblr_column_target_dim=\dimen172
\l__tblr_hfuzz_dim=\dimen173
\l__tblr_caption_box=\box62
\l__tblr_caption_left_box=\box63
\lTblrRowHeadInt=\count437
\lTblrRowFootInt=\count438
\l__tblr_row_head_box=\box64
\l__tblr_row_foot_box=\box65
\l__tblr_row_head_foot_dim=\dimen174
\lTblrTableWidthDim=\dimen175
\l__tblr_table_firsthead_box=\box66
\l__tblr_table_middlehead_box=\box67
\l__tblr_table_lasthead_box=\box68
\l__tblr_table_firstfoot_box=\box69
\l__tblr_table_middlefoot_box=\box70
\l__tblr_table_lastfoot_box=\box71
\l__tblr_remain_height_dim=\dimen176
\l__tblr_long_from_int=\count439
\l__tblr_long_to_int=\count440
\l__tblr_curr_i_int=\count441
\l__tblr_prev_i_int=\count442
\lTblrTablePageInt=\count443
\l__tblr_table_head_box=\box72
\l__tblr_table_foot_box=\box73
\l__tblr_table_head_foot_dim=\dimen177
\l__tblr_table_head_body_foot_dim=\dimen178
\l__tblr_table_box=\box74
\lTblrRowFirstInt=\count444
\lTblrRowLastInt=\count445
\l__tblr_table_hlines_box=\box75
\l__tblr_hline_box=\box76
\l__tblr_row_box=\box77
\l__tblr_col_o_wd_dim=\dimen179
\l__tblr_col_b_wd_dim=\dimen180
\l__tblr_hline_leftskip_dim=\dimen181
\l__tblr_hline_rightskip_dim=\dimen182
\l__tblr_row_ht_dim=\dimen183
\l__tblr_row_dp_dim=\dimen184
\l__tblr_row_abovesep_dim=\dimen185
\l__tblr_row_belowsep_dim=\dimen186
\l__tblr_row_vlines_box=\box78
\l__tblr_vline_box=\box79
\l__tblr_cell_box=\box80
\l__tblr_row_upper_dim=\dimen187
\l__tblr_row_lower_dim=\dimen188
\l__tblr_row_vpace_dim=\dimen189
\l__tblr_vline_aboveskip_dim=\dimen190
\l__tblr_vline_belowskip_dim=\dimen191
\lTblrCellRowSpanInt=\count446
\lTblrCellColSpanInt=\count447
\l__tblr_cell_wd_dim=\dimen192
\l__tblr_cell_ht_dim=\dimen193
\lTblrCellAboveBorderWidthDim=\dimen194
\lTblrCellBelowBorderWidthDim=\dimen195
\lTblrCellLeftBorderWidthDim=\dimen196
\lTblrCellRightBorderWidthDim=\dimen197
\l__tblr_diag_box=\box81
\l__tblr_cell_inner_wd_dim=\dimen198
\l__tblr_cell_inner_dp_dim=\dimen199
\l__tblr_cell_hanchor_dim=\dimen256
\l__tblr_last_cell_table_ht_dim=\dimen257
\l__tblr_last_cell_table_dp_dim=\dimen258
\l__tblr_last_vline_wd_dim=\dimen259
\l__tblr_tikz_node_box=\box82
) (C:\Users\khanh\AppData\Local\Programs\MiKTeX\tex/latex/cancel\cancel.sty
Package: cancel 2013/04/12 v2.2 Cancel math terms
) (C:\Users\khanh\AppData\Local\Programs\MiKTeX\tex/latex/amsmath\amsmath.sty
Package: amsmath 2023/05/13 v2.17o AMS math features
\@mathmargin=\skip88

For additional information on amsmath, use the `?' option.
(C:\Users\khanh\AppData\Local\Programs\MiKTeX\tex/latex/amsmath\amstext.sty
Package: amstext 2021/08/26 v2.01 AMS text
 (C:\Users\khanh\AppData\Local\Programs\MiKTeX\tex/latex/amsmath\amsgen.sty
File: amsgen.sty 1999/11/30 v2.0 generic functions
\@emptytoks=\toks24
\ex@=\dimen260
)) (C:\Users\khanh\AppData\Local\Programs\MiKTeX\tex/latex/amsmath\amsbsy.sty
Package: amsbsy 1999/11/29 v1.2d Bold Symbols
\pmbraise@=\dimen261
) (C:\Users\khanh\AppData\Local\Programs\MiKTeX\tex/latex/amsmath\amsopn.sty
Package: amsopn 2022/04/08 v2.04 operator names
)
\inf@bad=\count448
LaTeX Info: Redefining \frac on input line 234.
\uproot@=\count449
\leftroot@=\count450
LaTeX Info: Redefining \overline on input line 399.
LaTeX Info: Redefining \colon on input line 410.
\classnum@=\count451
\DOTSCASE@=\count452
LaTeX Info: Redefining \ldots on input line 496.
LaTeX Info: Redefining \dots on input line 499.
LaTeX Info: Redefining \cdots on input line 620.
\Mathstrutbox@=\box83
\strutbox@=\box84
LaTeX Info: Redefining \big on input line 722.
LaTeX Info: Redefining \Big on input line 723.
LaTeX Info: Redefining \bigg on input line 724.
LaTeX Info: Redefining \Bigg on input line 725.
\big@size=\dimen262
LaTeX Font Info:    Redeclaring font encoding OML on input line 743.
LaTeX Font Info:    Redeclaring font encoding OMS on input line 744.
\macc@depth=\count453
LaTeX Info: Redefining \bmod on input line 905.
LaTeX Info: Redefining \pmod on input line 910.
LaTeX Info: Redefining \smash on input line 940.
LaTeX Info: Redefining \relbar on input line 970.
LaTeX Info: Redefining \Relbar on input line 971.
\c@MaxMatrixCols=\count454
\dotsspace@=\muskip21
\c@parentequation=\count455
\dspbrk@lvl=\count456
\tag@help=\toks25
\row@=\count457
\column@=\count458
\maxfields@=\count459
\andhelp@=\toks26
\eqnshift@=\dimen263
\alignsep@=\dimen264
\tagshift@=\dimen265
\tagwidth@=\dimen266
\totwidth@=\dimen267
\lineht@=\dimen268
\@envbody=\toks27
\multlinegap=\skip89
\multlinetaggap=\skip90
\mathdisplay@stack=\toks28
LaTeX Info: Redefining \[ on input line 2953.
LaTeX Info: Redefining \] on input line 2954.
) (C:\Users\khanh\AppData\Local\Programs\MiKTeX\tex/latex/amscls\amsthm.sty
Package: amsthm 2020/05/29 v2.20.6
\thm@style=\toks29
\thm@bodyfont=\toks30
\thm@headfont=\toks31
\thm@notefont=\toks32
\thm@headpunct=\toks33
\thm@preskip=\skip91
\thm@postskip=\skip92
\thm@headsep=\skip93
\dth@everypar=\toks34
) (C:\Users\khanh\AppData\Local\Programs\MiKTeX\tex/latex/tools\multicol.sty
Package: multicol 2023/03/30 v1.9f multicolumn formatting (FMi)
\c@tracingmulticols=\count460
\mult@box=\box85
\multicol@leftmargin=\dimen269
\c@unbalance=\count461
\c@collectmore=\count462
\doublecol@number=\count463
\multicoltolerance=\count464
\multicolpretolerance=\count465
\full@width=\dimen270
\page@free=\dimen271
\premulticols=\dimen272
\postmulticols=\dimen273
\multicolsep=\skip94
\multicolbaselineskip=\skip95
\partial@page=\box86
\last@line=\box87
\mc@boxedresult=\box88
\maxbalancingoverflow=\dimen274
\mult@rightbox=\box89
\mult@grightbox=\box90
\mult@firstbox=\box91
\mult@gfirstbox=\box92
\@tempa=\box93
\@tempa=\box94
\@tempa=\box95
\@tempa=\box96
\@tempa=\box97
\@tempa=\box98
\@tempa=\box99
\@tempa=\box100
\@tempa=\box101
\@tempa=\box102
\@tempa=\box103
\@tempa=\box104
\@tempa=\box105
\@tempa=\box106
\@tempa=\box107
\@tempa=\box108
\@tempa=\box109
\@tempa=\box110
\@tempa=\box111
\@tempa=\box112
\@tempa=\box113
\@tempa=\box114
\@tempa=\box115
\@tempa=\box116
\@tempa=\box117
\@tempa=\box118
\@tempa=\box119
\@tempa=\box120
\@tempa=\box121
\@tempa=\box122
\@tempa=\box123
\@tempa=\box124
\@tempa=\box125
\@tempa=\box126
\@tempa=\box127
\@tempa=\box128
\c@minrows=\count466
\c@columnbadness=\count467
\c@finalcolumnbadness=\count468
\last@try=\dimen275
\multicolovershoot=\dimen276
\multicolundershoot=\dimen277
\mult@nat@firstbox=\box129
\colbreak@box=\box130
\mc@col@check@num=\count469
) (C:\Users\khanh\AppData\Local\Programs\MiKTeX\tex/latex/tools\longtable.sty
Package: longtable 2023-11-01 v4.19 Multi-page Table package (DPC)
\LTleft=\skip96
\LTright=\skip97
\LTpre=\skip98
\LTpost=\skip99
\LTchunksize=\count470
\LTcapwidth=\dimen278
\LT@head=\box131
\LT@firsthead=\box132
\LT@foot=\box133
\LT@lastfoot=\box134
\LT@gbox=\box135
\LT@cols=\count471
\LT@rows=\count472
\c@LT@tables=\count473
\c@LT@chunks=\count474
\LT@p@ftn=\toks35
) (C:\Users\khanh\AppData\Local\Programs\MiKTeX\tex/latex/amsmath\amscd.sty
Package: amscd 2017/04/14 v2.1 AMS Commutative Diagrams
\athelp@=\toks36
\minaw@=\dimen279
\bigaw@=\dimen280
\minCDarrowwidth=\dimen281
) (C:\Users\khanh\AppData\Local\Programs\MiKTeX\tex/latex/diagbox\diagbox.sty
Package: diagbox 2020/02/09 v2.3 Making table heads with diagonal lines
 (C:\Users\khanh\AppData\Local\Programs\MiKTeX\tex/latex/pict2e\pict2e.sty
Package: pict2e 2020/09/30 v0.4b Improved picture commands (HjG,RN,JT)
 (C:\Users\khanh\AppData\Local\Programs\MiKTeX\tex/latex/pict2e\pict2e.cfg
File: pict2e.cfg 2016/02/05 v0.1u pict2e configuration for teTeX/TeXLive
)
Package pict2e Info: Driver file: pdftex.def on input line 112.
Package pict2e Info: Driver file for pict2e: p2e-pdftex.def on input line 114.
 (C:\Users\khanh\AppData\Local\Programs\MiKTeX\tex/latex/pict2e\p2e-pdftex.def
File: p2e-pdftex.def 2016/02/05 v0.1u Driver-dependant file (RN,HjG,JT)
)
\pIIe@GRAPH=\toks37
\@arclen=\dimen282
\@arcrad=\dimen283
\pIIe@tempdima=\dimen284
\pIIe@tempdimb=\dimen285
\pIIe@tempdimc=\dimen286
\pIIe@tempdimd=\dimen287
\pIIe@tempdime=\dimen288
\pIIe@tempdimf=\dimen289
) (C:\Users\khanh\AppData\Local\Programs\MiKTeX\tex/latex/tools\calc.sty
Package: calc 2023/07/08 v4.3 Infix arithmetic (KKT,FJ)
\calc@Acount=\count475
\calc@Bcount=\count476
\calc@Adimen=\dimen290
\calc@Bdimen=\dimen291
\calc@Askip=\skip100
\calc@Bskip=\skip101
LaTeX Info: Redefining \setlength on input line 80.
LaTeX Info: Redefining \addtolength on input line 81.
\calc@Ccount=\count477
\calc@Cskip=\skip102
)
\diagbox@boxa=\box136
\diagbox@boxb=\box137
\diagbox@boxm=\box138
\diagbox@wd=\dimen292
\diagbox@ht=\dimen293
\diagbox@insepl=\dimen294
\diagbox@insepr=\dimen295
\diagbox@outsepl=\dimen296
\diagbox@outsepr=\dimen297
) (C:\Users\khanh\AppData\Local\Programs\MiKTeX\tex/latex/booktabs\booktabs.sty
Package: booktabs 2020/01/12 v1.61803398 Publication quality tables
\heavyrulewidth=\dimen298
\lightrulewidth=\dimen299
\cmidrulewidth=\dimen300
\belowrulesep=\dimen301
\belowbottomsep=\dimen302
\aboverulesep=\dimen303
\abovetopsep=\dimen304
\cmidrulesep=\dimen305
\cmidrulekern=\dimen306
\defaultaddspace=\dimen307
\@cmidla=\count478
\@cmidlb=\count479
\@aboverulesep=\dimen308
\@belowrulesep=\dimen309
\@thisruleclass=\count480
\@lastruleclass=\count481
\@thisrulewidth=\dimen310
) (C:\Users\khanh\AppData\Local\Programs\MiKTeX\tex/latex/base\alltt.sty
Package: alltt 2021/01/29 v2.0g defines alltt environment
) (C:\Users\khanh\AppData\Local\Programs\MiKTeX\tex/latex/mdframed\mdframed.sty
Package: mdframed 2013/07/01 1.9b: mdframed
 (C:\Users\khanh\AppData\Local\Programs\MiKTeX\tex/latex/zref\zref-abspage.sty
Package: zref-abspage 2025-06-08 v2.36 Module abspage for zref (HO)
 (C:\Users\khanh\AppData\Local\Programs\MiKTeX\tex/latex/zref\zref-base.sty
Package: zref-base 2025-06-08 v2.36 Module base for zref (HO)
 (C:\Users\khanh\AppData\Local\Programs\MiKTeX\tex/generic/kvdefinekeys\kvdefinekeys.sty
Package: kvdefinekeys 2019-12-19 v1.6 Define keys (HO)
) (C:\Users\khanh\AppData\Local\Programs\MiKTeX\tex/generic/etexcmds\etexcmds.sty
Package: etexcmds 2019/12/15 v1.7 Avoid name clashes with e-TeX commands (HO)
) (C:\Users\khanh\AppData\Local\Programs\MiKTeX\tex/latex/auxhook\auxhook.sty
Package: auxhook 2019-12-17 v1.6 Hooks for auxiliary files (HO)
)
Package zref Info: New property list: main on input line 767.
Package zref Info: New property: default on input line 768.
Package zref Info: New property: page on input line 769.
)
\c@abspage=\count482
Package zref Info: New property: abspage on input line 67.
) (C:\Users\khanh\AppData\Local\Programs\MiKTeX\tex/latex/needspace\needspace.sty
Package: needspace 2025/03/13 v1.3e reserve vertical space
) (C:\Users\khanh\AppData\Local\Programs\MiKTeX\tex/latex/graphics\color.sty
Package: color 2022/01/06 v1.3d Standard LaTeX Color (DPC)
 (C:\Users\khanh\AppData\Local\Programs\MiKTeX\tex/latex/graphics-cfg\color.cfg
File: color.cfg 2016/01/02 v1.6 sample color configuration
)
Package color Info: Driver file: pdftex.def on input line 149.
 (C:\Users\khanh\AppData\Local\Programs\MiKTeX\tex/latex/graphics\mathcolor.ltx))
\mdf@templength=\skip103
\c@mdf@globalstyle@cnt=\count483
\mdf@skipabove@length=\skip104
\mdf@skipbelow@length=\skip105
\mdf@leftmargin@length=\skip106
\mdf@rightmargin@length=\skip107
\mdf@innerleftmargin@length=\skip108
\mdf@innerrightmargin@length=\skip109
\mdf@innertopmargin@length=\skip110
\mdf@innerbottommargin@length=\skip111
\mdf@splittopskip@length=\skip112
\mdf@splitbottomskip@length=\skip113
\mdf@outermargin@length=\skip114
\mdf@innermargin@length=\skip115
\mdf@linewidth@length=\skip116
\mdf@innerlinewidth@length=\skip117
\mdf@middlelinewidth@length=\skip118
\mdf@outerlinewidth@length=\skip119
\mdf@roundcorner@length=\skip120
\mdf@footenotedistance@length=\skip121
\mdf@userdefinedwidth@length=\skip122
\mdf@needspace@length=\skip123
\mdf@frametitleaboveskip@length=\skip124
\mdf@frametitlebelowskip@length=\skip125
\mdf@frametitlerulewidth@length=\skip126
\mdf@frametitleleftmargin@length=\skip127
\mdf@frametitlerightmargin@length=\skip128
\mdf@shadowsize@length=\skip129
\mdf@extratopheight@length=\skip130
\mdf@subtitleabovelinewidth@length=\skip131
\mdf@subtitlebelowlinewidth@length=\skip132
\mdf@subtitleaboveskip@length=\skip133
\mdf@subtitlebelowskip@length=\skip134
\mdf@subtitleinneraboveskip@length=\skip135
\mdf@subtitleinnerbelowskip@length=\skip136
\mdf@subsubtitleabovelinewidth@length=\skip137
\mdf@subsubtitlebelowlinewidth@length=\skip138
\mdf@subsubtitleaboveskip@length=\skip139
\mdf@subsubtitlebelowskip@length=\skip140
\mdf@subsubtitleinneraboveskip@length=\skip141
\mdf@subsubtitleinnerbelowskip@length=\skip142
 (C:\Users\khanh\AppData\Local\Programs\MiKTeX\tex/latex/pgf/frontendlayer\tikz.sty (C:\Users\khanh\AppData\Local\Programs\MiKTeX\tex/latex/pgf/basiclayer\pgf.sty (C:\Users\khanh\AppData\Local\Programs\MiKTeX\tex/latex/pgf/utilities\pgfrcs.sty (C:\Users\khanh\AppData\Local\Programs\MiKTeX\tex/generic/pgf/utilities\pgfutil-common.tex
\pgfutil@everybye=\toks38
\pgfutil@tempdima=\dimen311
\pgfutil@tempdimb=\dimen312
) (C:\Users\khanh\AppData\Local\Programs\MiKTeX\tex/generic/pgf/utilities\pgfutil-latex.def
\pgfutil@abb=\box139
) (C:\Users\khanh\AppData\Local\Programs\MiKTeX\tex/generic/pgf/utilities\pgfrcs.code.tex (C:\Users\khanh\AppData\Local\Programs\MiKTeX\tex/generic/pgf\pgf.revision.tex)
Package: pgfrcs 2023-01-15 v3.1.10 (3.1.10)
))
Package: pgf 2023-01-15 v3.1.10 (3.1.10)
 (C:\Users\khanh\AppData\Local\Programs\MiKTeX\tex/latex/pgf/basiclayer\pgfcore.sty (C:\Users\khanh\AppData\Local\Programs\MiKTeX\tex/latex/pgf/systemlayer\pgfsys.sty (C:\Users\khanh\AppData\Local\Programs\MiKTeX\tex/generic/pgf/systemlayer\pgfsys.code.tex
Package: pgfsys 2023-01-15 v3.1.10 (3.1.10)
 (C:\Users\khanh\AppData\Local\Programs\MiKTeX\tex/generic/pgf/utilities\pgfkeys.code.tex
\pgfkeys@pathtoks=\toks39
\pgfkeys@temptoks=\toks40
 (C:\Users\khanh\AppData\Local\Programs\MiKTeX\tex/generic/pgf/utilities\pgfkeyslibraryfiltered.code.tex
\pgfkeys@tmptoks=\toks41
))
\pgf@x=\dimen313
\pgf@y=\dimen314
\pgf@xa=\dimen315
\pgf@ya=\dimen316
\pgf@xb=\dimen317
\pgf@yb=\dimen318
\pgf@xc=\dimen319
\pgf@yc=\dimen320
\pgf@xd=\dimen321
\pgf@yd=\dimen322
\w@pgf@writea=\write4
\r@pgf@reada=\read3
\c@pgf@counta=\count484
\c@pgf@countb=\count485
\c@pgf@countc=\count486
\c@pgf@countd=\count487
\t@pgf@toka=\toks42
\t@pgf@tokb=\toks43
\t@pgf@tokc=\toks44
\pgf@sys@id@count=\count488
 (C:\Users\khanh\AppData\Local\Programs\MiKTeX\tex/generic/pgf/systemlayer\pgf.cfg
File: pgf.cfg 2023-01-15 v3.1.10 (3.1.10)
)
Driver file for pgf: pgfsys-pdftex.def
 (C:\Users\khanh\AppData\Local\Programs\MiKTeX\tex/generic/pgf/systemlayer\pgfsys-pdftex.def
File: pgfsys-pdftex.def 2023-01-15 v3.1.10 (3.1.10)
 (C:\Users\khanh\AppData\Local\Programs\MiKTeX\tex/generic/pgf/systemlayer\pgfsys-common-pdf.def
File: pgfsys-common-pdf.def 2023-01-15 v3.1.10 (3.1.10)
))) (C:\Users\khanh\AppData\Local\Programs\MiKTeX\tex/generic/pgf/systemlayer\pgfsyssoftpath.code.tex
File: pgfsyssoftpath.code.tex 2023-01-15 v3.1.10 (3.1.10)
\pgfsyssoftpath@smallbuffer@items=\count489
\pgfsyssoftpath@bigbuffer@items=\count490
) (C:\Users\khanh\AppData\Local\Programs\MiKTeX\tex/generic/pgf/systemlayer\pgfsysprotocol.code.tex
File: pgfsysprotocol.code.tex 2023-01-15 v3.1.10 (3.1.10)
)) (C:\Users\khanh\AppData\Local\Programs\MiKTeX\tex/latex/xcolor\xcolor.sty
Package: xcolor 2023/11/15 v3.01 LaTeX color extensions (UK)
 (C:\Users\khanh\AppData\Local\Programs\MiKTeX\tex/latex/graphics-cfg\color.cfg
File: color.cfg 2016/01/02 v1.6 sample color configuration
)
Package xcolor Info: Driver file: pdftex.def on input line 274.
LaTeX Info: Redefining \color on input line 758.
 (C:\Users\khanh\AppData\Local\Programs\MiKTeX\tex/latex/graphics\mathcolor.ltx)
Package xcolor Info: Model `cmy' substituted by `cmy0' on input line 1350.
Package xcolor Info: Model `hsb' substituted by `rgb' on input line 1354.
Package xcolor Info: Model `RGB' extended on input line 1366.
Package xcolor Info: Model `HTML' substituted by `rgb' on input line 1368.
Package xcolor Info: Model `Hsb' substituted by `hsb' on input line 1369.
Package xcolor Info: Model `tHsb' substituted by `hsb' on input line 1370.
Package xcolor Info: Model `HSB' substituted by `hsb' on input line 1371.
Package xcolor Info: Model `Gray' substituted by `gray' on input line 1372.
Package xcolor Info: Model `wave' substituted by `hsb' on input line 1373.
) (C:\Users\khanh\AppData\Local\Programs\MiKTeX\tex/latex/ninecolors\ninecolors.sty
Package: ninecolors 2022-02-13 v2022D Select colors with proper color contrast
) (C:\Users\khanh\AppData\Local\Programs\MiKTeX\tex/generic/pgf/basiclayer\pgfcore.code.tex
Package: pgfcore 2023-01-15 v3.1.10 (3.1.10)
 (C:\Users\khanh\AppData\Local\Programs\MiKTeX\tex/generic/pgf/math\pgfmath.code.tex (C:\Users\khanh\AppData\Local\Programs\MiKTeX\tex/generic/pgf/math\pgfmathutil.code.tex) (C:\Users\khanh\AppData\Local\Programs\MiKTeX\tex/generic/pgf/math\pgfmathparser.code.tex
\pgfmath@dimen=\dimen323
\pgfmath@count=\count491
\pgfmath@box=\box140
\pgfmath@toks=\toks45
\pgfmath@stack@operand=\toks46
\pgfmath@stack@operation=\toks47
) (C:\Users\khanh\AppData\Local\Programs\MiKTeX\tex/generic/pgf/math\pgfmathfunctions.code.tex) (C:\Users\khanh\AppData\Local\Programs\MiKTeX\tex/generic/pgf/math\pgfmathfunctions.basic.code.tex) (C:\Users\khanh\AppData\Local\Programs\MiKTeX\tex/generic/pgf/math\pgfmathfunctions.trigonometric.code.tex) (C:\Users\khanh\AppData\Local\Programs\MiKTeX\tex/generic/pgf/math\pgfmathfunctions.random.code.tex) (C:\Users\khanh\AppData\Local\Programs\MiKTeX\tex/generic/pgf/math\pgfmathfunctions.comparison.code.tex) (C:\Users\khanh\AppData\Local\Programs\MiKTeX\tex/generic/pgf/math\pgfmathfunctions.base.code.tex) (C:\Users\khanh\AppData\Local\Programs\MiKTeX\tex/generic/pgf/math\pgfmathfunctions.round.code.tex) (C:\Users\khanh\AppData\Local\Programs\MiKTeX\tex/generic/pgf/math\pgfmathfunctions.misc.code.tex) (C:\Users\khanh\AppData\Local\Programs\MiKTeX\tex/generic/pgf/math\pgfmathfunctions.integerarithmetics.code.tex) (C:\Users\khanh\AppData\Local\Programs\MiKTeX\tex/generic/pgf/math\pgfmathcalc.code.tex) (C:\Users\khanh\AppData\Local\Programs\MiKTeX\tex/generic/pgf/math\pgfmathfloat.code.tex
\c@pgfmathroundto@lastzeros=\count492
)) (C:\Users\khanh\AppData\Local\Programs\MiKTeX\tex/generic/pgf/math\pgfint.code.tex) (C:\Users\khanh\AppData\Local\Programs\MiKTeX\tex/generic/pgf/basiclayer\pgfcorepoints.code.tex
File: pgfcorepoints.code.tex 2023-01-15 v3.1.10 (3.1.10)
\pgf@picminx=\dimen324
\pgf@picmaxx=\dimen325
\pgf@picminy=\dimen326
\pgf@picmaxy=\dimen327
\pgf@pathminx=\dimen328
\pgf@pathmaxx=\dimen329
\pgf@pathminy=\dimen330
\pgf@pathmaxy=\dimen331
\pgf@xx=\dimen332
\pgf@xy=\dimen333
\pgf@yx=\dimen334
\pgf@yy=\dimen335
\pgf@zx=\dimen336
\pgf@zy=\dimen337
) (C:\Users\khanh\AppData\Local\Programs\MiKTeX\tex/generic/pgf/basiclayer\pgfcorepathconstruct.code.tex
File: pgfcorepathconstruct.code.tex 2023-01-15 v3.1.10 (3.1.10)
\pgf@path@lastx=\dimen338
\pgf@path@lasty=\dimen339
) (C:\Users\khanh\AppData\Local\Programs\MiKTeX\tex/generic/pgf/basiclayer\pgfcorepathusage.code.tex
File: pgfcorepathusage.code.tex 2023-01-15 v3.1.10 (3.1.10)
\pgf@shorten@end@additional=\dimen340
\pgf@shorten@start@additional=\dimen341
) (C:\Users\khanh\AppData\Local\Programs\MiKTeX\tex/generic/pgf/basiclayer\pgfcorescopes.code.tex
File: pgfcorescopes.code.tex 2023-01-15 v3.1.10 (3.1.10)
\pgfpic=\box141
\pgf@hbox=\box142
\pgf@layerbox@main=\box143
\pgf@picture@serial@count=\count493
) (C:\Users\khanh\AppData\Local\Programs\MiKTeX\tex/generic/pgf/basiclayer\pgfcoregraphicstate.code.tex
File: pgfcoregraphicstate.code.tex 2023-01-15 v3.1.10 (3.1.10)
\pgflinewidth=\dimen342
) (C:\Users\khanh\AppData\Local\Programs\MiKTeX\tex/generic/pgf/basiclayer\pgfcoretransformations.code.tex
File: pgfcoretransformations.code.tex 2023-01-15 v3.1.10 (3.1.10)
\pgf@pt@x=\dimen343
\pgf@pt@y=\dimen344
\pgf@pt@temp=\dimen345
) (C:\Users\khanh\AppData\Local\Programs\MiKTeX\tex/generic/pgf/basiclayer\pgfcorequick.code.tex
File: pgfcorequick.code.tex 2023-01-15 v3.1.10 (3.1.10)
) (C:\Users\khanh\AppData\Local\Programs\MiKTeX\tex/generic/pgf/basiclayer\pgfcoreobjects.code.tex
File: pgfcoreobjects.code.tex 2023-01-15 v3.1.10 (3.1.10)
) (C:\Users\khanh\AppData\Local\Programs\MiKTeX\tex/generic/pgf/basiclayer\pgfcorepathprocessing.code.tex
File: pgfcorepathprocessing.code.tex 2023-01-15 v3.1.10 (3.1.10)
) (C:\Users\khanh\AppData\Local\Programs\MiKTeX\tex/generic/pgf/basiclayer\pgfcorearrows.code.tex
File: pgfcorearrows.code.tex 2023-01-15 v3.1.10 (3.1.10)
\pgfarrowsep=\dimen346
) (C:\Users\khanh\AppData\Local\Programs\MiKTeX\tex/generic/pgf/basiclayer\pgfcoreshade.code.tex
File: pgfcoreshade.code.tex 2023-01-15 v3.1.10 (3.1.10)
\pgf@max=\dimen347
\pgf@sys@shading@range@num=\count494
\pgf@shadingcount=\count495
) (C:\Users\khanh\AppData\Local\Programs\MiKTeX\tex/generic/pgf/basiclayer\pgfcoreimage.code.tex
File: pgfcoreimage.code.tex 2023-01-15 v3.1.10 (3.1.10)
) (C:\Users\khanh\AppData\Local\Programs\MiKTeX\tex/generic/pgf/basiclayer\pgfcoreexternal.code.tex
File: pgfcoreexternal.code.tex 2023-01-15 v3.1.10 (3.1.10)
\pgfexternal@startupbox=\box144
) (C:\Users\khanh\AppData\Local\Programs\MiKTeX\tex/generic/pgf/basiclayer\pgfcorelayers.code.tex
File: pgfcorelayers.code.tex 2023-01-15 v3.1.10 (3.1.10)
) (C:\Users\khanh\AppData\Local\Programs\MiKTeX\tex/generic/pgf/basiclayer\pgfcoretransparency.code.tex
File: pgfcoretransparency.code.tex 2023-01-15 v3.1.10 (3.1.10)
) (C:\Users\khanh\AppData\Local\Programs\MiKTeX\tex/generic/pgf/basiclayer\pgfcorepatterns.code.tex
File: pgfcorepatterns.code.tex 2023-01-15 v3.1.10 (3.1.10)
) (C:\Users\khanh\AppData\Local\Programs\MiKTeX\tex/generic/pgf/basiclayer\pgfcorerdf.code.tex
File: pgfcorerdf.code.tex 2023-01-15 v3.1.10 (3.1.10)
))) (C:\Users\khanh\AppData\Local\Programs\MiKTeX\tex/generic/pgf/modules\pgfmoduleshapes.code.tex
File: pgfmoduleshapes.code.tex 2023-01-15 v3.1.10 (3.1.10)
\pgfnodeparttextbox=\box145
) (C:\Users\khanh\AppData\Local\Programs\MiKTeX\tex/generic/pgf/modules\pgfmoduleplot.code.tex
File: pgfmoduleplot.code.tex 2023-01-15 v3.1.10 (3.1.10)
) (C:\Users\khanh\AppData\Local\Programs\MiKTeX\tex/latex/pgf/compatibility\pgfcomp-version-0-65.sty
Package: pgfcomp-version-0-65 2023-01-15 v3.1.10 (3.1.10)
\pgf@nodesepstart=\dimen348
\pgf@nodesepend=\dimen349
) (C:\Users\khanh\AppData\Local\Programs\MiKTeX\tex/latex/pgf/compatibility\pgfcomp-version-1-18.sty
Package: pgfcomp-version-1-18 2023-01-15 v3.1.10 (3.1.10)
)) (C:\Users\khanh\AppData\Local\Programs\MiKTeX\tex/latex/pgf/utilities\pgffor.sty (C:\Users\khanh\AppData\Local\Programs\MiKTeX\tex/latex/pgf/utilities\pgfkeys.sty (C:\Users\khanh\AppData\Local\Programs\MiKTeX\tex/generic/pgf/utilities\pgfkeys.code.tex)) (C:\Users\khanh\AppData\Local\Programs\MiKTeX\tex/latex/pgf/math\pgfmath.sty (C:\Users\khanh\AppData\Local\Programs\MiKTeX\tex/generic/pgf/math\pgfmath.code.tex)) (C:\Users\khanh\AppData\Local\Programs\MiKTeX\tex/generic/pgf/utilities\pgffor.code.tex
Package: pgffor 2023-01-15 v3.1.10 (3.1.10)
\pgffor@iter=\dimen350
\pgffor@skip=\dimen351
\pgffor@stack=\toks48
\pgffor@toks=\toks49
)) (C:\Users\khanh\AppData\Local\Programs\MiKTeX\tex/generic/pgf/frontendlayer/tikz\tikz.code.tex
Package: tikz 2023-01-15 v3.1.10 (3.1.10)
 (C:\Users\khanh\AppData\Local\Programs\MiKTeX\tex/generic/pgf/libraries\pgflibraryplothandlers.code.tex
File: pgflibraryplothandlers.code.tex 2023-01-15 v3.1.10 (3.1.10)
\pgf@plot@mark@count=\count496
\pgfplotmarksize=\dimen352
)
\tikz@lastx=\dimen353
\tikz@lasty=\dimen354
\tikz@lastxsaved=\dimen355
\tikz@lastysaved=\dimen356
\tikz@lastmovetox=\dimen357
\tikz@lastmovetoy=\dimen358
\tikzleveldistance=\dimen359
\tikzsiblingdistance=\dimen360
\tikz@figbox=\box146
\tikz@figbox@bg=\box147
\tikz@tempbox=\box148
\tikz@tempbox@bg=\box149
\tikztreelevel=\count497
\tikznumberofchildren=\count498
\tikznumberofcurrentchild=\count499
\tikz@fig@count=\count500
 (C:\Users\khanh\AppData\Local\Programs\MiKTeX\tex/generic/pgf/modules\pgfmodulematrix.code.tex
File: pgfmodulematrix.code.tex 2023-01-15 v3.1.10 (3.1.10)
\pgfmatrixcurrentrow=\count501
\pgfmatrixcurrentcolumn=\count502
\pgf@matrix@numberofcolumns=\count503
)
\tikz@expandcount=\count504
 (C:\Users\khanh\AppData\Local\Programs\MiKTeX\tex/generic/pgf/frontendlayer/tikz/libraries\tikzlibrarytopaths.code.tex
File: tikzlibrarytopaths.code.tex 2023-01-15 v3.1.10 (3.1.10)
))) (C:\Users\khanh\AppData\Local\Programs\MiKTeX\tex/latex/mdframed\md-frame-1.mdf
File: md-frame-1.mdf 2013/07/01\ 1.9b: md-frame-1
)
\mdf@frametitlebox=\box150
\mdf@footnotebox=\box151
\mdf@splitbox@one=\box152
\mdf@splitbox@two=\box153
\mdf@splitbox@save=\box154
\mdfsplitboxwidth=\skip143
\mdfsplitboxtotalwidth=\skip144
\mdfsplitboxheight=\skip145
\mdfsplitboxdepth=\skip146
\mdfsplitboxtotalheight=\skip147
\mdfframetitleboxwidth=\skip148
\mdfframetitleboxtotalwidth=\skip149
\mdfframetitleboxheight=\skip150
\mdfframetitleboxdepth=\skip151
\mdfframetitleboxtotalheight=\skip152
\mdffootnoteboxwidth=\skip153
\mdffootnoteboxtotalwidth=\skip154
\mdffootnoteboxheight=\skip155
\mdffootnoteboxdepth=\skip156
\mdffootnoteboxtotalheight=\skip157
\mdftotallinewidth=\skip158
\mdfboundingboxwidth=\skip159
\mdfboundingboxtotalwidth=\skip160
\mdfboundingboxheight=\skip161
\mdfboundingboxdepth=\skip162
\mdfboundingboxtotalheight=\skip163
\mdf@freevspace@length=\skip164
\mdf@horizontalwidthofbox@length=\skip165
\mdf@verticalmarginwhole@length=\skip166
\mdf@horizontalspaceofbox=\skip167
\mdfsubtitleheight=\skip168
\mdfsubsubtitleheight=\skip169
\c@mdfcountframes=\count505

****** mdframed patching \endmdf@trivlist

****** -- success******

\mdf@envdepth=\count506
\c@mdf@env@i=\count507
\c@mdf@env@ii=\count508
\c@mdf@zref@counter=\count509
Package zref Info: New property: mdf@pagevalue on input line 895.
) (C:\Users\khanh\AppData\Local\Programs\MiKTeX\tex/latex/caption\caption.sty
Package: caption 2023/08/05 v3.6o Customizing captions (AR)
 (C:\Users\khanh\AppData\Local\Programs\MiKTeX\tex/latex/caption\caption3.sty
Package: caption3 2023/07/31 v2.4d caption3 kernel (AR)
\caption@tempdima=\dimen361
\captionmargin=\dimen362
\caption@leftmargin=\dimen363
\caption@rightmargin=\dimen364
\caption@width=\dimen365
\caption@indent=\dimen366
\caption@parindent=\dimen367
\caption@hangindent=\dimen368
Package caption Info: Standard document class detected.
)
\c@caption@flags=\count510
\c@continuedfloat=\count511
Package caption Info: longtable package is loaded.
 (C:\Users\khanh\AppData\Local\Programs\MiKTeX\tex/latex/caption\ltcaption.sty
Package: ltcaption 2021/01/08 v1.4c longtable captions (AR)
)) (C:\Users\khanh\AppData\Local\Programs\MiKTeX\tex/latex/caption\subcaption.sty
Package: subcaption 2023/07/28 v1.6b Sub-captions (AR)
Package caption Info: New subtype `subfigure' on input line 238.
\c@subfigure=\count512
Package caption Info: New subtype `subtable' on input line 238.
\c@subtable=\count513
) (C:\Users\khanh\AppData\Local\Programs\MiKTeX\tex/latex/float\float.sty
Package: float 2001/11/08 v1.3d Float enhancements (AL)
\c@float@type=\count514
\float@exts=\toks50
\float@box=\box155
\@float@everytoks=\toks51
\@floatcapt=\box156
) (C:\Users\khanh\AppData\Local\Programs\MiKTeX\tex/latex/lastpage\lastpage.sty
Package: lastpage 2025/08/14 v2.1h lastpage: 2.09 or 2e? (HMM)
 (C:\Users\khanh\AppData\Local\Programs\MiKTeX\tex/latex/lastpage\lastpage2e.sty
Package: lastpage2e 2025/08/14 v2.1h Decide which 2e lastpage version to use (HMM)
 (C:\Users\khanh\AppData\Local\Programs\MiKTeX\tex/latex/lastpage\lastpageclassic.sty
Package: lastpageclassic 2025/08/14 v2.1h Refers to last page's name (HMM; JPG)
) 
)) (C:\Users\khanh\AppData\Local\Programs\MiKTeX\tex/latex/tools\enumerate.sty
Package: enumerate 2023/07/04 v3.00 enumerate extensions (DPC)
\@enLab=\toks52
) (C:\Users\khanh\AppData\Local\Programs\MiKTeX\tex/latex/tools\tabularx.sty
Package: tabularx 2023/07/08 v2.11c `tabularx' package (DPC)
\TX@col@width=\dimen369
\TX@old@table=\dimen370
\TX@old@col=\dimen371
\TX@target=\dimen372
\TX@delta=\dimen373
\TX@cols=\count515
\TX@ftn=\toks53
) (C:\Users\khanh\AppData\Local\Programs\MiKTeX\tex/latex/multirow\multirow.sty
Package: multirow 2024/11/12 v2.9 Span multiple rows of a table
\multirow@colwidth=\skip170
\multirow@cntb=\count516
\multirow@dima=\skip171
\bigstrutjot=\dimen374
) (C:\Users\khanh\AppData\Local\Programs\MiKTeX\tex/latex/enumitem\enumitem.sty
Package: enumitem 2025/02/06 v3.11 Customized lists
\labelindent=\skip172
\enit@outerparindent=\dimen375
\enit@toks=\toks54
\enit@inbox=\box157
\enit@count@id=\count517
\enitdp@description=\count518
) (C:\Users\khanh\AppData\Local\Programs\MiKTeX\tex/latex/graphics\rotating.sty
Package: rotating 2016/08/11 v2.16d rotated objects in LaTeX
\c@r@tfl@t=\count519
\rotFPtop=\skip173
\rotFPbot=\skip174
\rot@float@box=\box158
\rot@mess@toks=\toks55
) (C:\Users\khanh\AppData\Local\Programs\MiKTeX\tex/latex/geometry\geometry.sty
Package: geometry 2020/01/02 v5.9 Page Geometry
 (C:\Users\khanh\AppData\Local\Programs\MiKTeX\tex/generic/iftex\ifvtex.sty
Package: ifvtex 2019/10/25 v1.7 ifvtex legacy package. Use iftex instead.
)
\Gm@cnth=\count520
\Gm@cntv=\count521
\c@Gm@tempcnt=\count522
\Gm@bindingoffset=\dimen376
\Gm@wd@mp=\dimen377
\Gm@odd@mp=\dimen378
\Gm@even@mp=\dimen379
\Gm@layoutwidth=\dimen380
\Gm@layoutheight=\dimen381
\Gm@layouthoffset=\dimen382
\Gm@layoutvoffset=\dimen383
\Gm@dimlist=\toks56
 (C:\Users\khanh\AppData\Local\Programs\MiKTeX\tex/latex/geometry\geometry.cfg)) (C:\Users\khanh\AppData\Local\Programs\MiKTeX\tex/latex/setspace\setspace.sty
Package: setspace 2022/12/04 v6.7b set line spacing
) (C:\Users\khanh\AppData\Local\Programs\MiKTeX\tex/latex/titlesec\titlesec.sty
Package: titlesec 2025/01/04 v2.17 Sectioning titles
\ttl@box=\box159
\beforetitleunit=\skip175
\aftertitleunit=\skip176
\ttl@plus=\dimen384
\ttl@minus=\dimen385
\ttl@toksa=\toks57
\titlewidth=\dimen386
\titlewidthlast=\dimen387
\titlewidthfirst=\dimen388
) (C:\Users\khanh\AppData\Local\Programs\MiKTeX\tex/latex/ragged2e\ragged2e.sty
Package: ragged2e 2023/06/22 v3.6 ragged2e Package
\CenteringLeftskip=\skip177
\RaggedLeftLeftskip=\skip178
\RaggedRightLeftskip=\skip179
\CenteringRightskip=\skip180
\RaggedLeftRightskip=\skip181
\RaggedRightRightskip=\skip182
\CenteringParfillskip=\skip183
\RaggedLeftParfillskip=\skip184
\RaggedRightParfillskip=\skip185
\JustifyingParfillskip=\skip186
\CenteringParindent=\skip187
\RaggedLeftParindent=\skip188
\RaggedRightParindent=\skip189
\JustifyingParindent=\skip190
) (C:\Users\khanh\AppData\Local\Programs\MiKTeX\tex/latex/makecell\makecell.sty
Package: makecell 2009/08/03 V0.1e Managing of Tab Column Heads and Cells
\rotheadsize=\dimen389
\c@nlinenum=\count523
\TeXr@lab=\toks58
) (C:\Users\khanh\AppData\Local\Programs\MiKTeX\tex/latex/algorithms\algorithm.sty
Package: algorithm 2009/08/24 v0.1 Document Style `algorithm' - floating environment
\@float@every@algorithm=\toks59
\c@algorithm=\count524
) (C:\Users\khanh\AppData\Local\Programs\MiKTeX\tex/latex/algorithmicx\algpseudocode.sty
Package: algpseudocode 
 (C:\Users\khanh\AppData\Local\Programs\MiKTeX\tex/latex/algorithmicx\algorithmicx.sty
Package: algorithmicx 2005/04/27 v1.2 Algorithmicx

Document Style algorithmicx 1.2 - a greatly improved `algorithmic' style
\c@ALG@line=\count525
\c@ALG@rem=\count526
\c@ALG@nested=\count527
\ALG@tlm=\skip191
\ALG@thistlm=\skip192
\c@ALG@Lnr=\count528
\c@ALG@blocknr=\count529
\c@ALG@storecount=\count530
\c@ALG@tmpcounter=\count531
\ALG@tmplength=\skip193
)
Document Style - pseudocode environments for use with the `algorithmicx' style
) (C:\Users\khanh\AppData\Local\Programs\MiKTeX\tex/generic/babel\babel.sty
Package: babel 2024/01/07 v24.1 The Babel package
\babel@savecnt=\count532
\U@D=\dimen390
\l@unhyphenated=\language80
 (C:\Users\khanh\AppData\Local\Programs\MiKTeX\tex/generic/babel\txtbabel.def)
\bbl@readstream=\read4
\bbl@dirlevel=\count533

*************************************
* Local config file bblopts.cfg used
*
(C:\Users\khanh\AppData\Local\Programs\MiKTeX\tex/latex/arabi\bblopts.cfg
File: bblopts.cfg 2005/09/08 v0.1 add Arabic and Farsi to "declared" options of babel
) (C:\Users\khanh\AppData\Local\Programs\MiKTeX\tex/latex/babel-vietnamese\vietnamese.ldf
Language: vietnamese 


Package babel Warning: No hyphenation patterns were preloaded for
(babel)                the language 'Vietnamese' into the format.
(babel)                Please, configure your TeX system to add them and
(babel)                rebuild the format. Now I will use the patterns
(babel)                preloaded for \language=0 instead on input line 36.

Package babel Info: Hyphen rules for 'vietnamese' set to \l@english
(babel)             (\language0). Reported on input line 37.
Package babel Info: Hyphen rules for 'vietnam' set to \l@english
(babel)             (\language0). Reported on input line 38.
Loading definitions for the Vietnamese font encoding (C:\Users\khanh\AppData\Local\Programs\MiKTeX\tex/latex/vntex\t5enc.def
File: t5enc.def 2006/11/21 v1.4 Vietnamese T5 encoding
LaTeX Font Info:    Redeclaring font encoding T5 on input line 75.
)
Package babel Info: Making " an active character on input line 147.
)) (C:\Users\khanh\AppData\Local\Programs\MiKTeX\tex/generic/babel/locale/vi\babel-vietnamese.tex
Package babel Info: Importing font and identification data for vietnamese
(babel)             from babel-vi.ini. Reported on input line 11.
) (C:\Users\khanh\AppData\Local\Programs\MiKTeX\tex/generic/pgf/frontendlayer/tikz/libraries\tikzlibrarypositioning.code.tex
File: tikzlibrarypositioning.code.tex 2023-01-15 v3.1.10 (3.1.10)
) (C:\Users\khanh\AppData\Local\Programs\MiKTeX\tex/generic/pgf/libraries\pgflibraryarrows.meta.code.tex
File: pgflibraryarrows.meta.code.tex 2023-01-15 v3.1.10 (3.1.10)
\pgfarrowinset=\dimen391
\pgfarrowlength=\dimen392
\pgfarrowwidth=\dimen393
\pgfarrowlinewidth=\dimen394
) (C:\Users\khanh\AppData\Local\Programs\MiKTeX\tex/generic/pgf/frontendlayer/tikz/libraries\tikzlibrarysnakes.code.tex
File: tikzlibrarysnakes.code.tex 2023-01-15 v3.1.10 (3.1.10)


Package pgf Warning: Snakes have been superseded by decorations. Please use the decoration libraries instead of the snakes library on input line 14.

(C:\Users\khanh\AppData\Local\Programs\MiKTeX\tex/generic/pgf/frontendlayer/tikz/libraries\tikzlibrarydecorations.pathmorphing.code.tex (C:\Users\khanh\AppData\Local\Programs\MiKTeX\tex/generic/pgf/frontendlayer/tikz/libraries\tikzlibrarydecorations.code.tex (C:\Users\khanh\AppData\Local\Programs\MiKTeX\tex/generic/pgf/modules\pgfmoduledecorations.code.tex
\pgfdecoratedcompleteddistance=\dimen395
\pgfdecoratedremainingdistance=\dimen396
\pgfdecoratedinputsegmentcompleteddistance=\dimen397
\pgfdecoratedinputsegmentremainingdistance=\dimen398
\pgf@decorate@distancetomove=\dimen399
\pgf@decorate@repeatstate=\count534
\pgfdecorationsegmentamplitude=\dimen400
\pgfdecorationsegmentlength=\dimen401
)
\tikz@lib@dec@box=\box160
) (C:\Users\khanh\AppData\Local\Programs\MiKTeX\tex/generic/pgf/libraries/decorations\pgflibrarydecorations.pathmorphing.code.tex)) (C:\Users\khanh\AppData\Local\Programs\MiKTeX\tex/generic/pgf/frontendlayer/tikz/libraries\tikzlibrarydecorations.pathreplacing.code.tex (C:\Users\khanh\AppData\Local\Programs\MiKTeX\tex/generic/pgf/libraries/decorations\pgflibrarydecorations.pathreplacing.code.tex)) (C:\Users\khanh\AppData\Local\Programs\MiKTeX\tex/generic/pgf/frontendlayer/tikz/libraries\tikzlibrarydecorations.shapes.code.tex (C:\Users\khanh\AppData\Local\Programs\MiKTeX\tex/generic/pgf/libraries/decorations\pgflibrarydecorations.shapes.code.tex))) (C:\Users\khanh\AppData\Local\Programs\MiKTeX\tex/generic/pgf/frontendlayer/tikz/libraries\tikzlibrarybackgrounds.code.tex
File: tikzlibrarybackgrounds.code.tex 2023-01-15 v3.1.10 (3.1.10)
\pgf@layerbox@background=\box161
\pgf@layerboxsaved@background=\box162
) (C:\Users\khanh\AppData\Local\Programs\MiKTeX\tex/generic/pgf/frontendlayer/tikz/libraries\tikzlibrarycalc.code.tex
File: tikzlibrarycalc.code.tex 2023-01-15 v3.1.10 (3.1.10)
) (C:\Users\khanh\AppData\Local\Programs\MiKTeX\tex/latex/hyperref\hyperref.sty
Package: hyperref 2023-11-26 v7.01g Hypertext links for LaTeX
 (C:\Users\khanh\AppData\Local\Programs\MiKTeX\tex/generic/pdfescape\pdfescape.sty
Package: pdfescape 2019/12/09 v1.15 Implements pdfTeX's escape features (HO)
) (C:\Users\khanh\AppData\Local\Programs\MiKTeX\tex/latex/hycolor\hycolor.sty
Package: hycolor 2020-01-27 v1.10 Color options for hyperref/bookmark (HO)
) (C:\Users\khanh\AppData\Local\Programs\MiKTeX\tex/latex/letltxmacro\letltxmacro.sty
Package: letltxmacro 2019/12/03 v1.6 Let assignment for LaTeX macros (HO)
) (C:\Users\khanh\AppData\Local\Programs\MiKTeX\tex/latex/hyperref\nameref.sty
Package: nameref 2023-11-26 v2.56 Cross-referencing by name of section
 (C:\Users\khanh\AppData\Local\Programs\MiKTeX\tex/latex/refcount\refcount.sty
Package: refcount 2019/12/15 v3.6 Data extraction from label references (HO)
) (C:\Users\khanh\AppData\Local\Programs\MiKTeX\tex/generic/gettitlestring\gettitlestring.sty
Package: gettitlestring 2019/12/15 v1.6 Cleanup title references (HO)
)
\c@section@level=\count535
)
\@linkdim=\dimen402
\Hy@linkcounter=\count536
\Hy@pagecounter=\count537
 (C:\Users\khanh\AppData\Local\Programs\MiKTeX\tex/latex/hyperref\pd1enc.def
File: pd1enc.def 2023-11-26 v7.01g Hyperref: PDFDocEncoding definition (HO)
Now handling font encoding PD1 ...
... no UTF-8 mapping file for font encoding PD1
) (C:\Users\khanh\AppData\Local\Programs\MiKTeX\tex/generic/intcalc\intcalc.sty
Package: intcalc 2019/12/15 v1.3 Expandable calculations with integers (HO)
)
\Hy@SavedSpaceFactor=\count538
 (C:\Users\khanh\AppData\Local\Programs\MiKTeX\tex/latex/hyperref\puenc.def
File: puenc.def 2023-11-26 v7.01g Hyperref: PDF Unicode definition (HO)
Now handling font encoding PU ...
... no UTF-8 mapping file for font encoding PU
)
Package hyperref Info: Hyper figures OFF on input line 4181.
Package hyperref Info: Link nesting OFF on input line 4186.
Package hyperref Info: Hyper index ON on input line 4189.
Package hyperref Info: Plain pages OFF on input line 4196.
Package hyperref Info: Backreferencing OFF on input line 4201.
Package hyperref Info: Implicit mode ON; LaTeX internals redefined.
Package hyperref Info: Bookmarks ON on input line 4448.
\c@Hy@tempcnt=\count539
LaTeX Info: Redefining \url on input line 4786.
\XeTeXLinkMargin=\dimen403
 (C:\Users\khanh\AppData\Local\Programs\MiKTeX\tex/generic/bitset\bitset.sty
Package: bitset 2019/12/09 v1.3 Handle bit-vector datatype (HO)
 (C:\Users\khanh\AppData\Local\Programs\MiKTeX\tex/generic/bigintcalc\bigintcalc.sty
Package: bigintcalc 2019/12/15 v1.5 Expandable calculations on big integers (HO)
))
\Fld@menulength=\count540
\Field@Width=\dimen404
\Fld@charsize=\dimen405
Package hyperref Info: Hyper figures OFF on input line 6065.
Package hyperref Info: Link nesting OFF on input line 6070.
Package hyperref Info: Hyper index ON on input line 6073.
Package hyperref Info: backreferencing OFF on input line 6080.
Package hyperref Info: Link coloring OFF on input line 6085.
Package hyperref Info: Link coloring with OCG OFF on input line 6090.
Package hyperref Info: PDF/A mode OFF on input line 6095.
 (C:\Users\khanh\AppData\Local\Programs\MiKTeX\tex/latex/base\atbegshi-ltx.sty
Package: atbegshi-ltx 2021/01/10 v1.0c Emulation of the original atbegshi
package with kernel methods
)
\Hy@abspage=\count541
\c@Item=\count542
\c@Hfootnote=\count543
)
Package hyperref Info: Driver (autodetected): hpdftex.
 (C:\Users\khanh\AppData\Local\Programs\MiKTeX\tex/latex/hyperref\hpdftex.def
File: hpdftex.def 2023-11-26 v7.01g Hyperref driver for pdfTeX
 (C:\Users\khanh\AppData\Local\Programs\MiKTeX\tex/latex/base\atveryend-ltx.sty
Package: atveryend-ltx 2020/08/19 v1.0a Emulation of the original atveryend package
with kernel methods
)
\HyAnn@Count=\count544
\Fld@listcount=\count545
\c@bookmark@seq@number=\count546
 (C:\Users\khanh\AppData\Local\Programs\MiKTeX\tex/latex/rerunfilecheck\rerunfilecheck.sty
Package: rerunfilecheck 2025-06-21 v1.11 Rerun checks for auxiliary files (HO)
 (C:\Users\khanh\AppData\Local\Programs\MiKTeX\tex/generic/uniquecounter\uniquecounter.sty
Package: uniquecounter 2019/12/15 v1.4 Provide unlimited unique counter (HO)
)
Package uniquecounter Info: New unique counter `rerunfilecheck' on input line 284.
)
\Hy@SectionHShift=\skip194
)
Package hyperref Info: Option `colorlinks' set `true' on input line 95.
 (C:\Users\khanh\AppData\Local\Programs\MiKTeX\tex/latex/listings\listings.sty
\lst@mode=\count547
\lst@gtempboxa=\box163
\lst@token=\toks60
\lst@length=\count548
\lst@currlwidth=\dimen406
\lst@column=\count549
\lst@pos=\count550
\lst@lostspace=\dimen407
\lst@width=\dimen408
\lst@newlines=\count551
\lst@lineno=\count552
\lst@maxwidth=\dimen409
 (C:\Users\khanh\AppData\Local\Programs\MiKTeX\tex/latex/listings\lstmisc.sty
File: lstmisc.sty 2023/02/27 1.9 (Carsten Heinz)
\c@lstnumber=\count553
\lst@skipnumbers=\count554
\lst@framebox=\box164
) (C:\Users\khanh\AppData\Local\Programs\MiKTeX\tex/latex/listings\listings.cfg
File: listings.cfg 2023/02/27 1.9 listings configuration
))
Package: listings 2023/02/27 1.9 (Carsten Heinz)
 (C:\Users\khanh\AppData\Local\Programs\MiKTeX\tex/latex/ulem\ulem.sty
\UL@box=\box165
\UL@hyphenbox=\box166
\UL@skip=\skip195
\UL@hook=\toks61
\UL@height=\dimen410
\UL@pe=\count555
\UL@pixel=\dimen411
\ULC@box=\box167
Package: ulem 2019/11/18
\ULdepth=\dimen412
)
\c@theorem=\count556
\c@property=\count557
\c@proposition=\count558
\c@exer=\count559
 (C:\Users\khanh\AppData\Local\Programs\MiKTeX\tex/latex/listings\lstlang1.sty
File: lstlang1.sty 2023/02/27 1.9 listings language file
) (C:\Users\khanh\AppData\Local\Programs\MiKTeX\tex/latex/listings\lstlang2.sty
File: lstlang2.sty 2023/02/27 1.9 listings language file
) (C:\Users\khanh\AppData\Local\Programs\MiKTeX\tex/latex/listings\lstlang3.sty
File: lstlang3.sty 2023/02/27 1.9 listings language file
)
\c@subsubsubsection=\count560
Package csquotes Info: Checking for multilingual support...
Package csquotes Info: ... found 'babel' package.
Package csquotes Info: Adjusting default style.


Package csquotes Warning: No style for language 'vietnamese'.
(csquotes)                Using fallback style on input line 215.

Package csquotes Info: Redefining alias 'default' -> 'fallback'.
(main.aux

LaTeX Warning: Label `fig:model' multiply defined.


LaTeX Warning: Label `fig:model' multiply defined.


LaTeX Warning: Label `fig:model' multiply defined.


LaTeX Warning: Label `fig:model' multiply defined.

)
\openout1 = `main.aux'.

LaTeX Font Info:    Checking defaults for OML/cmm/m/it on input line 215.
LaTeX Font Info:    ... okay on input line 215.
LaTeX Font Info:    Checking defaults for OMS/cmsy/m/n on input line 215.
LaTeX Font Info:    ... okay on input line 215.
LaTeX Font Info:    Checking defaults for OT1/cmr/m/n on input line 215.
LaTeX Font Info:    ... okay on input line 215.
LaTeX Font Info:    Checking defaults for T1/cmr/m/n on input line 215.
LaTeX Font Info:    ... okay on input line 215.
LaTeX Font Info:    Checking defaults for TS1/cmr/m/n on input line 215.
LaTeX Font Info:    ... okay on input line 215.
LaTeX Font Info:    Checking defaults for OMX/cmex/m/n on input line 215.
LaTeX Font Info:    ... okay on input line 215.
LaTeX Font Info:    Checking defaults for U/cmr/m/n on input line 215.
LaTeX Font Info:    ... okay on input line 215.
LaTeX Font Info:    Checking defaults for T5/cmr/m/n on input line 215.
LaTeX Font Info:    Trying to load font information for T5+cmr on input line 215.
 (C:\Users\khanh\AppData\Local\Programs\MiKTeX\tex/latex/vntex\t5cmr.fd
File: t5cmr.fd 1999/05/25 v2.5h Standard LaTeX font definitions
)
LaTeX Font Info:    ... okay on input line 215.
LaTeX Font Info:    Checking defaults for PD1/pdf/m/n on input line 215.
LaTeX Font Info:    ... okay on input line 215.
LaTeX Font Info:    Checking defaults for PU/pdf/m/n on input line 215.
LaTeX Font Info:    ... okay on input line 215.
 (C:\Users\khanh\AppData\Local\Programs\MiKTeX\tex/context/base/mkii\supp-pdf.mkii
[Loading MPS to PDF converter (version 2006.09.02).]
\scratchcounter=\count561
\scratchdimen=\dimen413
\scratchbox=\box168
\nofMPsegments=\count562
\nofMParguments=\count563
\everyMPshowfont=\toks62
\MPscratchCnt=\count564
\MPscratchDim=\dimen414
\MPnumerator=\count565
\makeMPintoPDFobject=\count566
\everyMPtoPDFconversion=\toks63
) (C:\Users\khanh\AppData\Local\Programs\MiKTeX\tex/latex/epstopdf-pkg\epstopdf-base.sty
Package: epstopdf-base 2020-01-24 v2.11 Base part for package epstopdf
 (C:\Users\khanh\AppData\Local\Programs\MiKTeX\tex/latex/grfext\grfext.sty
Package: grfext 2019/12/03 v1.3 Manage graphics extensions (HO)
)
Package epstopdf-base Info: Redefining graphics rule for `.eps' on input line 485.
Package grfext Info: Graphics extension search list:
(grfext)             [.pdf,.png,.jpg,.mps,.jpeg,.jbig2,.jb2,.PDF,.PNG,.JPG,.JPEG,.JBIG2,.JB2,.eps]
(grfext)             \AppendGraphicsExtensions on input line 504.
 (C:\Users\khanh\AppData\Local\Programs\MiKTeX\tex/latex/00miktex\epstopdf-sys.cfg
File: epstopdf-sys.cfg 2021/03/18 v2.0 Configuration of epstopdf for MiKTeX
))

Package biblatex Warning: File 'vietnamese-apa.lbx' not found!
(biblatex)                Ignoring mapping 'vietnamese' -> 'vietnamese-apa'.

Package biblatex Info: Trying to load language 'vietnamese'...
Package biblatex Info: ... file 'vietnamese.lbx' not found.

Package biblatex Warning: Language 'vietnamese' not supported.
(biblatex)                Using dummy definitions on input line 215.

Package biblatex Info: Input encoding 'utf8' detected.
Package biblatex Info: Automatic encoding selection.
(biblatex)             Assuming data encoding 'utf8'.
\openout3 = `main.bcf'.

Package biblatex Info: Trying to load bibliographic data...
Package biblatex Info: ... file 'main.bbl' not found.
No file main.bbl.
Package biblatex Info: Reference section=0 on input line 215.
Package biblatex Info: Reference segment=0 on input line 215.
Package caption Info: Begin \AtBeginDocument code.
Package caption Info: float package is loaded.
Package caption Info: hyperref package is loaded.
Package caption Info: listings package is loaded.
Package caption Info: rotating package is loaded.
Package caption Info: End \AtBeginDocument code.
*geometry* driver: auto-detecting
*geometry* detected driver: pdftex
*geometry* verbose mode - [ preamble ] result:
* driver: pdftex
* paper: a4paper
* layout: <same size as paper>
* layoutoffset:(h,v)=(0.0pt,0.0pt)
* modes: 
* h-part:(L,W,R)=(85.35826pt, 455.24408pt, 56.90553pt)
* v-part:(T,H,B)=(85.35826pt, 682.86613pt, 76.82245pt)
* \paperwidth=597.50787pt
* \paperheight=845.04684pt
* \textwidth=455.24408pt
* \textheight=682.86613pt
* \oddsidemargin=13.08827pt
* \evensidemargin=13.08827pt
* \topmargin=-51.91173pt
* \headheight=40.0pt
* \headsep=25.0pt
* \topskip=12.0pt
* \footskip=30.0pt
* \marginparwidth=54.2025pt
* \marginparsep=10.0pt
* \columnsep=10.0pt
* \skip\footins=10.8pt plus 4.0pt minus 2.0pt
* \hoffset=0.0pt
* \voffset=0.0pt
* \mag=1000
* \@twocolumnfalse
* \@twosidefalse
* \@mparswitchfalse
* \@reversemarginfalse
* (1in=72.27pt=25.4mm, 1cm=28.453pt)

Package hyperref Info: Link coloring ON on input line 215.
(main.out) (main.out)
\@outlinefile=\write5
\openout5 = `main.out'.

\c@lstlisting=\count567
<Images/hcmut.png, id=718, 514.3215pt x 491.9178pt>
File: Images/hcmut.png Graphic file (type png)
<use Images/hcmut.png>
Package pdftex.def Info: Images/hcmut.png  used on input line 241.
(pdftex.def)             Requested size: 142.26378pt x 136.0622pt.
LaTeX Font Info:    Calculating math sizes for size <15> on input line 265.
LaTeX Font Info:    Trying to load font information for OT1+lmr on input line 265.
 (C:\Users\khanh\AppData\Local\Programs\MiKTeX\tex/latex/lm\ot1lmr.fd
File: ot1lmr.fd 2015/05/01 v1.6.1 Font defs for Latin Modern
)
LaTeX Font Info:    Trying to load font information for OML+lmm on input line 265.
 (C:\Users\khanh\AppData\Local\Programs\MiKTeX\tex/latex/lm\omllmm.fd
File: omllmm.fd 2015/05/01 v1.6.1 Font defs for Latin Modern
)
LaTeX Font Info:    Trying to load font information for OMS+lmsy on input line 265.
 (C:\Users\khanh\AppData\Local\Programs\MiKTeX\tex/latex/lm\omslmsy.fd
File: omslmsy.fd 2015/05/01 v1.6.1 Font defs for Latin Modern
)
LaTeX Font Info:    Trying to load font information for OMX+lmex on input line 265.
 (C:\Users\khanh\AppData\Local\Programs\MiKTeX\tex/latex/lm\omxlmex.fd
File: omxlmex.fd 2015/05/01 v1.6.1 Font defs for Latin Modern
)
LaTeX Font Info:    External font `lmex10' loaded for size
(Font)              <15> on input line 265.
LaTeX Font Info:    External font `lmex10' loaded for size
(Font)              <10.49995> on input line 265.
LaTeX Font Info:    External font `lmex10' loaded for size
(Font)              <7.5> on input line 265.
LaTeX Font Info:    Trying to load font information for U+msa on input line 265.
 (C:\Users\khanh\AppData\Local\Programs\MiKTeX\tex/latex/amsfonts\umsa.fd
File: umsa.fd 2013/01/14 v3.01 AMS symbols A
)
LaTeX Font Info:    Trying to load font information for U+msb on input line 265.
 (C:\Users\khanh\AppData\Local\Programs\MiKTeX\tex/latex/amsfonts\umsb.fd
File: umsb.fd 2013/01/14 v3.01 AMS symbols B
) [1

{C:/Users/khanh/AppData/Local/MiKTeX/fonts/map/pdftex/pdftex.map}{C:/Users/khanh/AppData/Local/Programs/MiKTeX/fonts/enc/dvips/lm/lm-t5.enc} <./Images/hcmut.png>]
LaTeX Font Info:    External font `lmex10' loaded for size
(Font)              <12> on input line 314.
LaTeX Font Info:    External font `lmex10' loaded for size
(Font)              <8> on input line 314.
LaTeX Font Info:    External font `lmex10' loaded for size
(Font)              <6> on input line 314.
File: Images/hcmut.png Graphic file (type png)
<use Images/hcmut.png>
Package pdftex.def Info: Images/hcmut.png  used on input line 314.
(pdftex.def)             Requested size: 34.13838pt x 34.13751pt.

pdfTeX warning (ext4): destination with the same identifier (name{page.1}) has been already used, duplicate ignored
<to be read again> 
                   \relax 
l.314 \newpage
               [1]
File: Images/hcmut.png Graphic file (type png)
<use Images/hcmut.png>
Package pdftex.def Info: Images/hcmut.png  used on input line 334.
(pdftex.def)             Requested size: 34.13838pt x 34.13751pt.
 [2]
File: Images/hcmut.png Graphic file (type png)
<use Images/hcmut.png>
Package pdftex.def Info: Images/hcmut.png  used on input line 347.
(pdftex.def)             Requested size: 34.13838pt x 34.13751pt.
 [3] (main.toc
File: Images/hcmut.png Graphic file (type png)
<use Images/hcmut.png>
Package pdftex.def Info: Images/hcmut.png  used on input line 28.
(pdftex.def)             Requested size: 34.13838pt x 34.13751pt.
 [4]
File: Images/hcmut.png Graphic file (type png)
<use Images/hcmut.png>
Package pdftex.def Info: Images/hcmut.png  used on input line 55.
(pdftex.def)             Requested size: 34.13838pt x 34.13751pt.
 [5]
File: Images/hcmut.png Graphic file (type png)
<use Images/hcmut.png>
Package pdftex.def Info: Images/hcmut.png  used on input line 84.
(pdftex.def)             Requested size: 34.13838pt x 34.13751pt.
 [6]
File: Images/hcmut.png Graphic file (type png)
<use Images/hcmut.png>
Package pdftex.def Info: Images/hcmut.png  used on input line 110.
(pdftex.def)             Requested size: 34.13838pt x 34.13751pt.
 [7]
File: Images/hcmut.png Graphic file (type png)
<use Images/hcmut.png>
Package pdftex.def Info: Images/hcmut.png  used on input line 137.
(pdftex.def)             Requested size: 34.13838pt x 34.13751pt.
 [8]
File: Images/hcmut.png Graphic file (type png)
<use Images/hcmut.png>
Package pdftex.def Info: Images/hcmut.png  used on input line 176.
(pdftex.def)             Requested size: 34.13838pt x 34.13751pt.
 [9]
main.toc:195: Misplaced alignment tab character &.
<argument> ...PHỤ LỤC D. DANH SÁCH USE CASE &
                                                   ÁNH XẠ YÊU CẦU}\Hy@...
l.195 ... XẠ YÊU CẦU}{105}{figure.caption.51}
                                                  %
I can't figure out why you would want to use a tab mark
here. If you just want an ampersand, the remedy is
simple: Just type `I\&' now. But if some right brace
up above has ended a previous alignment prematurely,
you're probably due for more error messages, and you
might try typing `S' now just to see what is salvageable.

)
\tf@toc=\write6
\openout6 = `main.toc'.

File: Images/hcmut.png Graphic file (type png)
<use Images/hcmut.png>
Package pdftex.def Info: Images/hcmut.png  used on input line 350.
(pdftex.def)             Requested size: 34.13838pt x 34.13751pt.
 [10] (main.lof
File: Images/hcmut.png Graphic file (type png)
<use Images/hcmut.png>
Package pdftex.def Info: Images/hcmut.png  used on input line 28.
(pdftex.def)             Requested size: 34.13838pt x 34.13751pt.
 [11])
\tf@lof=\write7
\openout7 = `main.lof'.

File: Images/hcmut.png Graphic file (type png)
<use Images/hcmut.png>
Package pdftex.def Info: Images/hcmut.png  used on input line 352.
(pdftex.def)             Requested size: 34.13838pt x 34.13751pt.
 [12] (main.lot)
\tf@lot=\write8
\openout8 = `main.lot'.

File: Images/hcmut.png Graphic file (type png)
<use Images/hcmut.png>
Package pdftex.def Info: Images/hcmut.png  used on input line 354.
(pdftex.def)             Requested size: 34.13838pt x 34.13751pt.
 [13] (Contents/1_GioiThieu.tex
File: Images/hcmut.png Graphic file (type png)
<use Images/hcmut.png>
Package pdftex.def Info: Images/hcmut.png  used on input line 21.
(pdftex.def)             Requested size: 34.13838pt x 34.13751pt.

pdfTeX warning (ext4): destination with the same identifier (name{page.1}) has been already used, duplicate ignored
<to be read again> 
                   \relax 
l.21 
      [1

]
LaTeX Font Info:    Trying to load font information for TS1+lmr on input line 23.
 (C:\Users\khanh\AppData\Local\Programs\MiKTeX\tex/latex/lm\ts1lmr.fd
File: ts1lmr.fd 2015/05/01 v1.6.1 Font defs for Latin Modern
)
File: Images/hcmut.png Graphic file (type png)
<use Images/hcmut.png>
Package pdftex.def Info: Images/hcmut.png  used on input line 31.
(pdftex.def)             Requested size: 34.13838pt x 34.13751pt.

pdfTeX warning (ext4): destination with the same identifier (name{page.2}) has been already used, duplicate ignored
<to be read again> 
                   \relax 
l.31 \newpage
              [2{C:/Users/khanh/AppData/Local/Programs/MiKTeX/fonts/enc/dvips/lm/lm-ts1.enc}]
File: Images/hcmut.png Graphic file (type png)
<use Images/hcmut.png>
Package pdftex.def Info: Images/hcmut.png  used on input line 53.
(pdftex.def)             Requested size: 34.13838pt x 34.13751pt.

pdfTeX warning (ext4): destination with the same identifier (name{page.3}) has been already used, duplicate ignored
<to be read again> 
                   \relax 
l.53 \newpage
              [3]
File: Images/hcmut.png Graphic file (type png)
<use Images/hcmut.png>
Package pdftex.def Info: Images/hcmut.png  used on input line 82.
(pdftex.def)             Requested size: 34.13838pt x 34.13751pt.

pdfTeX warning (ext4): destination with the same identifier (name{page.4}) has been already used, duplicate ignored
<to be read again> 
                   \relax 
l.82 \end{itemize}
                   [4]
File: Images/hcmut.png Graphic file (type png)
<use Images/hcmut.png>
Package pdftex.def Info: Images/hcmut.png  used on input line 108.
(pdftex.def)             Requested size: 34.13838pt x 34.13751pt.

pdfTeX warning (ext4): destination with the same identifier (name{page.5}) has been already used, duplicate ignored
<to be read again> 
                   \relax 
l.108 \newpage
               [5]
File: Images/hcmut.png Graphic file (type png)
<use Images/hcmut.png>
Package pdftex.def Info: Images/hcmut.png  used on input line 131.
(pdftex.def)             Requested size: 34.13838pt x 34.13751pt.

pdfTeX warning (ext4): destination with the same identifier (name{page.6}) has been already used, duplicate ignored
<to be read again> 
                   \relax 
l.131     \item \textbf
                       {Mô hình hóa sự phụ thuộc không gian - th�... [6]
File: Images/hcmut.png Graphic file (type png)
<use Images/hcmut.png>
Package pdftex.def Info: Images/hcmut.png  used on input line 144.
(pdftex.def)             Requested size: 34.13838pt x 34.13751pt.

pdfTeX warning (ext4): destination with the same identifier (name{page.7}) has been already used, duplicate ignored
<to be read again> 
                   \relax 
l.144 \newpage
               [7]
File: Images/hcmut.png Graphic file (type png)
<use Images/hcmut.png>
Package pdftex.def Info: Images/hcmut.png  used on input line 167.
(pdftex.def)             Requested size: 34.13838pt x 34.13751pt.

pdfTeX warning (ext4): destination with the same identifier (name{page.8}) has been already used, duplicate ignored
<to be read again> 
                   \relax 
l.167 
       [8])
File: Images/hcmut.png Graphic file (type png)
<use Images/hcmut.png>
Package pdftex.def Info: Images/hcmut.png  used on input line 359.
(pdftex.def)             Requested size: 34.13838pt x 34.13751pt.

pdfTeX warning (ext4): destination with the same identifier (name{page.9}) has been already used, duplicate ignored
<to be read again> 
                   \relax 
l.359 \newpage
               [9] (Contents/2_1_CoSoLyThuyet.tex

Package hyperref Warning: bookmark level for unknown subsubsubsection defaults to 0.

File: Images/hcmut.png Graphic file (type png)
<use Images/hcmut.png>
Package pdftex.def Info: Images/hcmut.png  used on input line 26.
(pdftex.def)             Requested size: 34.13838pt x 34.13751pt.

pdfTeX warning (ext4): destination with the same identifier (name{page.10}) has been already used, duplicate ignored
<to be read again> 
                   \relax 
l.26 
      [10]

Package hyperref Warning: Difference (3) between bookmark levels is greater 
(hyperref)                than one, level fixed on input line 42.

File: Images/hcmut.png Graphic file (type png)
<use Images/hcmut.png>
Package pdftex.def Info: Images/hcmut.png  used on input line 58.
(pdftex.def)             Requested size: 34.13838pt x 34.13751pt.

pdfTeX warning (ext4): destination with the same identifier (name{page.11}) has been already used, duplicate ignored
<to be read again> 
                   \relax 
l.58 \end{equation}
                    [11{C:/Users/khanh/AppData/Local/Programs/MiKTeX/fonts/enc/dvips/lm/lm-mathit.enc}{C:/Users/khanh/AppData/Local/Programs/MiKTeX/fonts/enc/dvips/lm/lm-rm.enc}{C:/Users/khanh/AppData/Local/Programs/MiKTeX/fonts/enc/dvips/lm/lm-mathsy.enc}]
File: Images/hcmut.png Graphic file (type png)
<use Images/hcmut.png>
Package pdftex.def Info: Images/hcmut.png  used on input line 98.
(pdftex.def)             Requested size: 34.13838pt x 34.13751pt.

pdfTeX warning (ext4): destination with the same identifier (name{page.12}) has been already used, duplicate ignored
<to be read again> 
                   \relax 
l.98     \item $
                A_t$: ma trận kề đại diện cho cấu trúc không gi... [12{C:/Users/khanh/AppData/Local/Programs/MiKTeX/fonts/enc/dvips/lm/lm-mathex.enc}]
File: Images/hcmut.png Graphic file (type png)
<use Images/hcmut.png>
Package pdftex.def Info: Images/hcmut.png  used on input line 103.
(pdftex.def)             Requested size: 34.13838pt x 34.13751pt.

pdfTeX warning (ext4): destination with the same identifier (name{page.13}) has been already used, duplicate ignored
<to be read again> 
                   \relax 
l.103 \newpage
               [13]

Package hyperref Warning: Difference (2) between bookmark levels is greater 
(hyperref)                than one, level fixed on input line 105.


Package hyperref Warning: Difference (2) between bookmark levels is greater 
(hyperref)                than one, level fixed on input line 107.


Package hyperref Warning: Difference (3) between bookmark levels is greater 
(hyperref)                than one, level fixed on input line 132.

File: Images/hcmut.png Graphic file (type png)
<use Images/hcmut.png>
Package pdftex.def Info: Images/hcmut.png  used on input line 142.
(pdftex.def)             Requested size: 34.13838pt x 34.13751pt.
[14]

Package hyperref Warning: Difference (3) between bookmark levels is greater 
(hyperref)                than one, level fixed on input line 164.

File: Images/hcmut.png Graphic file (type png)
<use Images/hcmut.png>
Package pdftex.def Info: Images/hcmut.png  used on input line 182.
(pdftex.def)             Requested size: 34.13838pt x 34.13751pt.
[15]

Package hyperref Warning: Difference (2) between bookmark levels is greater 
(hyperref)                than one, level fixed on input line 194.


Package hyperref Warning: Difference (2) between bookmark levels is greater 
(hyperref)                than one, level fixed on input line 198.

File: Images/hcmut.png Graphic file (type png)
<use Images/hcmut.png>
Package pdftex.def Info: Images/hcmut.png  used on input line 216.
(pdftex.def)             Requested size: 34.13838pt x 34.13751pt.
[16]

Package hyperref Warning: Difference (3) between bookmark levels is greater 
(hyperref)                than one, level fixed on input line 252.

File: Images/hcmut.png Graphic file (type png)
<use Images/hcmut.png>
Package pdftex.def Info: Images/hcmut.png  used on input line 260.
(pdftex.def)             Requested size: 34.13838pt x 34.13751pt.
[17]

Package hyperref Warning: Difference (3) between bookmark levels is greater 
(hyperref)                than one, level fixed on input line 292.

File: Images/hcmut.png Graphic file (type png)
<use Images/hcmut.png>
Package pdftex.def Info: Images/hcmut.png  used on input line 298.
(pdftex.def)             Requested size: 34.13838pt x 34.13751pt.
[18]

Package hyperref Warning: Difference (3) between bookmark levels is greater 
(hyperref)                than one, level fixed on input line 316.

File: Images/hcmut.png Graphic file (type png)
<use Images/hcmut.png>
Package pdftex.def Info: Images/hcmut.png  used on input line 348.
(pdftex.def)             Requested size: 34.13838pt x 34.13751pt.
[19]
File: Images/hcmut.png Graphic file (type png)
<use Images/hcmut.png>
Package pdftex.def Info: Images/hcmut.png  used on input line 389.
(pdftex.def)             Requested size: 34.13838pt x 34.13751pt.
 [20]

Package hyperref Warning: Difference (3) between bookmark levels is greater 
(hyperref)                than one, level fixed on input line 396.

File: Images/hcmut.png Graphic file (type png)
<use Images/hcmut.png>
Package pdftex.def Info: Images/hcmut.png  used on input line 424.
(pdftex.def)             Requested size: 34.13838pt x 34.13751pt.
[21]

Package hyperref Warning: Difference (3) between bookmark levels is greater 
(hyperref)                than one, level fixed on input line 453.

File: Images/hcmut.png Graphic file (type png)
<use Images/hcmut.png>
Package pdftex.def Info: Images/hcmut.png  used on input line 461.
(pdftex.def)             Requested size: 34.13838pt x 34.13751pt.
[22]

Package hyperref Warning: Difference (2) between bookmark levels is greater 
(hyperref)                than one, level fixed on input line 467.

File: Images/hcmut.png Graphic file (type png)
<use Images/hcmut.png>
Package pdftex.def Info: Images/hcmut.png  used on input line 503.
(pdftex.def)             Requested size: 34.13838pt x 34.13751pt.
[23]

Package hyperref Warning: Difference (3) between bookmark levels is greater 
(hyperref)                than one, level fixed on input line 520.

) (Contents/2_2_CongNghe.tex
File: Images/hcmut.png Graphic file (type png)
<use Images/hcmut.png>
Package pdftex.def Info: Images/hcmut.png  used on input line 2.
(pdftex.def)             Requested size: 34.13838pt x 34.13751pt.
 [24]

Package hyperref Warning: Difference (3) between bookmark levels is greater 
(hyperref)                than one, level fixed on input line 21.

<Images/kappa_bert_architecture.png, id=1216, 481.04718pt x 189.70876pt>
File: Images/kappa_bert_architecture.png Graphic file (type png)
<use Images/kappa_bert_architecture.png>
Package pdftex.def Info: Images/kappa_bert_architecture.png  used on input line 29.
(pdftex.def)             Requested size: 455.24408pt x 179.53624pt.

LaTeX Warning: `h' float specifier changed to `ht'.

File: Images/hcmut.png Graphic file (type png)
<use Images/hcmut.png>
Package pdftex.def Info: Images/hcmut.png  used on input line 40.
(pdftex.def)             Requested size: 34.13838pt x 34.13751pt.
[25]
File: Images/hcmut.png Graphic file (type png)
<use Images/hcmut.png>
Package pdftex.def Info: Images/hcmut.png  used on input line 65.
(pdftex.def)             Requested size: 34.13838pt x 34.13751pt.
 [26 <./Images/kappa_bert_architecture.png>]
File: Images/hcmut.png Graphic file (type png)
<use Images/hcmut.png>
Package pdftex.def Info: Images/hcmut.png  used on input line 109.
(pdftex.def)             Requested size: 34.13838pt x 34.13751pt.
 [27]

Package hyperref Warning: Difference (3) between bookmark levels is greater 
(hyperref)                than one, level fixed on input line 130.

File: Images/hcmut.png Graphic file (type png)
<use Images/hcmut.png>
Package pdftex.def Info: Images/hcmut.png  used on input line 150.
(pdftex.def)             Requested size: 34.13838pt x 34.13751pt.
[28]

Package hyperref Warning: Difference (2) between bookmark levels is greater 
(hyperref)                than one, level fixed on input line 155.

File: Images/hcmut.png Graphic file (type png)
<use Images/hcmut.png>
Package pdftex.def Info: Images/hcmut.png  used on input line 185.
(pdftex.def)             Requested size: 34.13838pt x 34.13751pt.
[29]

Package hyperref Warning: Difference (3) between bookmark levels is greater 
(hyperref)                than one, level fixed on input line 191.

LaTeX Font Info:    Trying to load font information for T5+lmtt on input line 204.
(C:\Users\khanh\AppData\Local\Programs\MiKTeX\tex/latex/lm\t5lmtt.fd
File: t5lmtt.fd 2015/05/01 v1.6.1 Font defs for Latin Modern
)
File: Images/hcmut.png Graphic file (type png)
<use Images/hcmut.png>
Package pdftex.def Info: Images/hcmut.png  used on input line 221.
(pdftex.def)             Requested size: 34.13838pt x 34.13751pt.
 [30]

Package hyperref Warning: Difference (3) between bookmark levels is greater 
(hyperref)                than one, level fixed on input line 243.

File: Images/hcmut.png Graphic file (type png)
<use Images/hcmut.png>
Package pdftex.def Info: Images/hcmut.png  used on input line 255.
(pdftex.def)             Requested size: 34.13838pt x 34.13751pt.
[31]
File: Images/hcmut.png Graphic file (type png)
<use Images/hcmut.png>
Package pdftex.def Info: Images/hcmut.png  used on input line 290.
(pdftex.def)             Requested size: 34.13838pt x 34.13751pt.
 [32]

Package hyperref Warning: Difference (2) between bookmark levels is greater 
(hyperref)                than one, level fixed on input line 294.

File: Images/hcmut.png Graphic file (type png)
<use Images/hcmut.png>
Package pdftex.def Info: Images/hcmut.png  used on input line 327.
(pdftex.def)             Requested size: 34.13838pt x 34.13751pt.
[33]
File: Images/hcmut.png Graphic file (type png)
<use Images/hcmut.png>
Package pdftex.def Info: Images/hcmut.png  used on input line 352.
(pdftex.def)             Requested size: 34.13838pt x 34.13751pt.
 [34])
File: Images/hcmut.png Graphic file (type png)
<use Images/hcmut.png>
Package pdftex.def Info: Images/hcmut.png  used on input line 362.
(pdftex.def)             Requested size: 34.13838pt x 34.13751pt.
 [35] (Contents/3_CongTrinhLienQuan.tex
File: Images/hcmut.png Graphic file (type png)
<use Images/hcmut.png>
Package pdftex.def Info: Images/hcmut.png  used on input line 24.
(pdftex.def)             Requested size: 34.13838pt x 34.13751pt.
 [36]

Package hyperref Warning: Difference (2) between bookmark levels is greater 
(hyperref)                than one, level fixed on input line 31.


Package hyperref Warning: Difference (2) between bookmark levels is greater 
(hyperref)                than one, level fixed on input line 33.

File: Images/hcmut.png Graphic file (type png)
<use Images/hcmut.png>
Package pdftex.def Info: Images/hcmut.png  used on input line 45.
(pdftex.def)             Requested size: 34.13838pt x 34.13751pt.
[37]
File: Images/hcmut.png Graphic file (type png)
<use Images/hcmut.png>
Package pdftex.def Info: Images/hcmut.png  used on input line 67.
(pdftex.def)             Requested size: 34.13838pt x 34.13751pt.
 [38])
File: Images/hcmut.png Graphic file (type png)
<use Images/hcmut.png>
Package pdftex.def Info: Images/hcmut.png  used on input line 364.
(pdftex.def)             Requested size: 34.13838pt x 34.13751pt.
 [39] (Contents/4_PhuongPhapGiaiQuyet.tex (Contents/MKhang/Problem1.tex

Package csquotes Warning: No space factor codes for 'T5' encoding.
(csquotes)                Punctuation tracker may fail on input line 22.


LaTeX Warning: Citation 'ying2021graphormer' on page 40 undefined on input line 22.

File: Images/hcmut.png Graphic file (type png)
<use Images/hcmut.png>
Package pdftex.def Info: Images/hcmut.png  used on input line 28.
(pdftex.def)             Requested size: 34.13838pt x 34.13751pt.
[40]
File: Images/hcmut.png Graphic file (type png)
<use Images/hcmut.png>
Package pdftex.def Info: Images/hcmut.png  used on input line 43.
(pdftex.def)             Requested size: 34.13838pt x 34.13751pt.
 [41])
File: Images/hcmut.png Graphic file (type png)
<use Images/hcmut.png>
Package pdftex.def Info: Images/hcmut.png  used on input line 41.
(pdftex.def)             Requested size: 34.13838pt x 34.13751pt.
 [42]

Package hyperref Warning: Difference (3) between bookmark levels is greater 
(hyperref)                than one, level fixed on input line 64.

File: Images/hcmut.png Graphic file (type png)
<use Images/hcmut.png>
Package pdftex.def Info: Images/hcmut.png  used on input line 88.
(pdftex.def)             Requested size: 34.13838pt x 34.13751pt.
[43]

Package hyperref Warning: Difference (3) between bookmark levels is greater 
(hyperref)                than one, level fixed on input line 110.


LaTeX Warning: `h' float specifier changed to `ht'.

File: Images/hcmut.png Graphic file (type png)
<use Images/hcmut.png>
Package pdftex.def Info: Images/hcmut.png  used on input line 162.
(pdftex.def)             Requested size: 34.13838pt x 34.13751pt.
[44]
File: Images/hcmut.png Graphic file (type png)
<use Images/hcmut.png>
Package pdftex.def Info: Images/hcmut.png  used on input line 177.
(pdftex.def)             Requested size: 34.13838pt x 34.13751pt.
 [45]
File: Images/hcmut.png Graphic file (type png)
<use Images/hcmut.png>
Package pdftex.def Info: Images/hcmut.png  used on input line 217.
(pdftex.def)             Requested size: 34.13838pt x 34.13751pt.
 [46]

Package hyperref Warning: Difference (3) between bookmark levels is greater 
(hyperref)                than one, level fixed on input line 233.

File: Images/hcmut.png Graphic file (type png)
<use Images/hcmut.png>
Package pdftex.def Info: Images/hcmut.png  used on input line 255.
(pdftex.def)             Requested size: 34.13838pt x 34.13751pt.
[47]
File: Images/hcmut.png Graphic file (type png)
<use Images/hcmut.png>
Package pdftex.def Info: Images/hcmut.png  used on input line 299.
(pdftex.def)             Requested size: 34.13838pt x 34.13751pt.
 [48] (C:\Users\khanh\AppData\Local\Programs\MiKTeX\tex/latex/listings\lstlang1.sty
File: lstlang1.sty 2023/02/27 1.9 listings language file
)
Package hyperref Info: bookmark level for unknown lstlisting defaults to 0 on input line 326.
LaTeX Font Info:    Trying to load font information for T5+lmss on input line 326.
 (C:\Users\khanh\AppData\Local\Programs\MiKTeX\tex/latex/lm\t5lmss.fd
File: t5lmss.fd 2015/05/01 v1.6.1 Font defs for Latin Modern
)
File: Images/hcmut.png Graphic file (type png)
<use Images/hcmut.png>
Package pdftex.def Info: Images/hcmut.png  used on input line 340.
(pdftex.def)             Requested size: 34.13838pt x 34.13751pt.
 [49]
Overfull \hbox (37.14513pt too wide) in paragraph at lines 349--357
 [][] 
 []


Package hyperref Warning: Difference (3) between bookmark levels is greater 
(hyperref)                than one, level fixed on input line 367.

LaTeX Font Info:    Trying to load font information for TS1+lmss on input line 377.
(C:\Users\khanh\AppData\Local\Programs\MiKTeX\tex/latex/lm\ts1lmss.fd
File: ts1lmss.fd 2015/05/01 v1.6.1 Font defs for Latin Modern
)
File: Images/hcmut.png Graphic file (type png)
<use Images/hcmut.png>
Package pdftex.def Info: Images/hcmut.png  used on input line 389.
(pdftex.def)             Requested size: 34.13838pt x 34.13751pt.
 [50]
File: Images/hcmut.png Graphic file (type png)
<use Images/hcmut.png>
Package pdftex.def Info: Images/hcmut.png  used on input line 393.
(pdftex.def)             Requested size: 34.13838pt x 34.13751pt.
 [51] (Contents/MKhang/Problem2.tex

Package csquotes Warning: No space factor codes for 'T5' encoding.
(csquotes)                Punctuation tracker may fail on input line 9.


LaTeX Warning: Citation 'guo2019identifying' on page 52 undefined on input line 9.


Package csquotes Warning: No space factor codes for 'T5' encoding.
(csquotes)                Punctuation tracker may fail on input line 29.


LaTeX Warning: Citation 'guo2019identifying' on page 52 undefined on input line 29.

) (Contents/MKhang/Problem3.tex
File: Images/hcmut.png Graphic file (type png)
<use Images/hcmut.png>
Package pdftex.def Info: Images/hcmut.png  used on input line 1.
(pdftex.def)             Requested size: 34.13838pt x 34.13751pt.
 [52]
File: Images/hcmut.png Graphic file (type png)
<use Images/hcmut.png>
Package pdftex.def Info: Images/hcmut.png  used on input line 48.
(pdftex.def)             Requested size: 34.13838pt x 34.13751pt.
 [53])
File: Images/hcmut.png Graphic file (type png)
<use Images/hcmut.png>
Package pdftex.def Info: Images/hcmut.png  used on input line 396.
(pdftex.def)             Requested size: 34.13838pt x 34.13751pt.
 [54] (Contents/MKhang/Problem4.tex

Package csquotes Warning: No space factor codes for 'T5' encoding.
(csquotes)                Punctuation tracker may fail on input line 25.


LaTeX Warning: Citation 'guo2019identifying' on page 55 undefined on input line 25.

File: Images/hcmut.png Graphic file (type png)
<use Images/hcmut.png>
Package pdftex.def Info: Images/hcmut.png  used on input line 52.
(pdftex.def)             Requested size: 34.13838pt x 34.13751pt.
[55]) (Contents/MKhang/Problem5.tex
File: Images/hcmut.png Graphic file (type png)
<use Images/hcmut.png>
Package pdftex.def Info: Images/hcmut.png  used on input line 36.
(pdftex.def)             Requested size: 34.13838pt x 34.13751pt.
 [56]
File: Images/hcmut.png Graphic file (type png)
<use Images/hcmut.png>
Package pdftex.def Info: Images/hcmut.png  used on input line 86.
(pdftex.def)             Requested size: 34.13838pt x 34.13751pt.
 [57]) (Contents/MKhang/Problem6.tex
File: Images/hcmut.png Graphic file (type png)
<use Images/hcmut.png>
Package pdftex.def Info: Images/hcmut.png  used on input line 40.
(pdftex.def)             Requested size: 34.13838pt x 34.13751pt.
 [58]) (Contents/MKhang/Problem7.tex
File: Images/hcmut.png Graphic file (type png)
<use Images/hcmut.png>
Package pdftex.def Info: Images/hcmut.png  used on input line 18.
(pdftex.def)             Requested size: 34.13838pt x 34.13751pt.
 [59]
File: Images/hcmut.png Graphic file (type png)
<use Images/hcmut.png>
Package pdftex.def Info: Images/hcmut.png  used on input line 75.
(pdftex.def)             Requested size: 34.13838pt x 34.13751pt.
 [60]
<Contents/MKhang/BERT.drawio.png, id=1482, 442.65375pt x 864.22874pt>
File: Contents/MKhang/BERT.drawio.png Graphic file (type png)
<use Contents/MKhang/BERT.drawio.png>
Package pdftex.def Info: Contents/MKhang/BERT.drawio.png  used on input line 82.
(pdftex.def)             Requested size: 227.62204pt x 444.41682pt.
File: Images/hcmut.png Graphic file (type png)
<use Images/hcmut.png>
Package pdftex.def Info: Images/hcmut.png  used on input line 98.
(pdftex.def)             Requested size: 34.13838pt x 34.13751pt.
 [61 <./Contents/MKhang/BERT.drawio.png>]) (Contents/MKhang/Problem8.tex
File: Images/hcmut.png Graphic file (type png)
<use Images/hcmut.png>
Package pdftex.def Info: Images/hcmut.png  used on input line 16.
(pdftex.def)             Requested size: 34.13838pt x 34.13751pt.
 [62]
File: Images/hcmut.png Graphic file (type png)
<use Images/hcmut.png>
Package pdftex.def Info: Images/hcmut.png  used on input line 49.
(pdftex.def)             Requested size: 34.13838pt x 34.13751pt.
 [63]
<Contents/MKhang/Epoch149.png, id=1499, 1272.25313pt x 931.98187pt>
File: Contents/MKhang/Epoch149.png Graphic file (type png)
<use Contents/MKhang/Epoch149.png>
Package pdftex.def Info: Contents/MKhang/Epoch149.png  used on input line 55.
(pdftex.def)             Requested size: 364.19664pt x 266.7837pt.
<Contents/MKhang/Epoch149(1).png, id=1500, 1370.11874pt x 450.18187pt>
File: Contents/MKhang/Epoch149(1).png Graphic file (type png)
<use Contents/MKhang/Epoch149(1).png>
Package pdftex.def Info: Contents/MKhang/Epoch149(1).png  used on input line 60.
(pdftex.def)             Requested size: 364.19664pt x 119.6617pt.
<Contents/MKhang/Epoch150.png, id=1501, 1202.99437pt x 917.67844pt>
File: Contents/MKhang/Epoch150.png Graphic file (type png)
<use Contents/MKhang/Epoch150.png>
Package pdftex.def Info: Contents/MKhang/Epoch150.png  used on input line 67.
(pdftex.def)             Requested size: 364.19664pt x 277.81212pt.
<Contents/MKhang/Epoch150(1).png, id=1502, 1380.65813pt x 928.21782pt>
File: Contents/MKhang/Epoch150(1).png Graphic file (type png)
<use Contents/MKhang/Epoch150(1).png>
Package pdftex.def Info: Contents/MKhang/Epoch150(1).png  used on input line 72.
(pdftex.def)             Requested size: 364.19664pt x 244.84348pt.
File: Images/hcmut.png Graphic file (type png)
<use Images/hcmut.png>
Package pdftex.def Info: Images/hcmut.png  used on input line 75.
(pdftex.def)             Requested size: 34.13838pt x 34.13751pt.
 [64 <./Contents/MKhang/Epoch149.png> <./Contents/MKhang/Epoch149(1).png>]
File: Images/hcmut.png Graphic file (type png)
<use Images/hcmut.png>
Package pdftex.def Info: Images/hcmut.png  used on input line 81.
(pdftex.def)             Requested size: 34.13838pt x 34.13751pt.
 [65 <./Contents/MKhang/Epoch150.png> <./Contents/MKhang/Epoch150(1).png>]
<Contents/MKhang/loss_curves.png, id=1520, 462.528pt x 346.896pt>
File: Contents/MKhang/loss_curves.png Graphic file (type png)
<use Contents/MKhang/loss_curves.png>
Package pdftex.def Info: Contents/MKhang/loss_curves.png  used on input line 86.
(pdftex.def)             Requested size: 364.19664pt x 273.16086pt.
<Contents/MKhang/metrics_train_valid_test.png, id=1521, 867.24pt x 578.16pt>
File: Contents/MKhang/metrics_train_valid_test.png Graphic file (type png)
<use Contents/MKhang/metrics_train_valid_test.png>
Package pdftex.def Info: Contents/MKhang/metrics_train_valid_test.png  used on input line 99.
(pdftex.def)             Requested size: 364.19664pt x 242.79907pt.
File: Images/hcmut.png Graphic file (type png)
<use Images/hcmut.png>
Package pdftex.def Info: Images/hcmut.png  used on input line 104.
(pdftex.def)             Requested size: 34.13838pt x 34.13751pt.
 [66 <./Contents/MKhang/loss_curves.png>]
<Contents/MKhang/test_pr_curve.png, id=1528, 462.528pt x 346.896pt>
File: Contents/MKhang/test_pr_curve.png Graphic file (type png)
<use Contents/MKhang/test_pr_curve.png>
Package pdftex.def Info: Contents/MKhang/test_pr_curve.png  used on input line 141.
(pdftex.def)             Requested size: 364.19664pt x 273.16086pt.
File: Images/hcmut.png Graphic file (type png)
<use Images/hcmut.png>
Package pdftex.def Info: Images/hcmut.png  used on input line 145.
(pdftex.def)             Requested size: 34.13838pt x 34.13751pt.
 [67 <./Contents/MKhang/metrics_train_valid_test.png>]
<Contents/MKhang/test_roc_auc_curve.png, id=1535, 462.528pt x 346.896pt>
File: Contents/MKhang/test_roc_auc_curve.png Graphic file (type png)
<use Contents/MKhang/test_roc_auc_curve.png>
Package pdftex.def Info: Contents/MKhang/test_roc_auc_curve.png  used on input line 152.
(pdftex.def)             Requested size: 364.19664pt x 273.16086pt.
File: Images/hcmut.png Graphic file (type png)
<use Images/hcmut.png>
Package pdftex.def Info: Images/hcmut.png  used on input line 156.
(pdftex.def)             Requested size: 34.13838pt x 34.13751pt.
 [68 <./Contents/MKhang/test_pr_curve.png>]
<Contents/MKhang/test_confusion_matrix.png, id=1542, 462.528pt x 346.896pt>
File: Contents/MKhang/test_confusion_matrix.png Graphic file (type png)
<use Contents/MKhang/test_confusion_matrix.png>
Package pdftex.def Info: Contents/MKhang/test_confusion_matrix.png  used on input line 163.
(pdftex.def)             Requested size: 364.19664pt x 273.16086pt.
File: Images/hcmut.png Graphic file (type png)
<use Images/hcmut.png>
Package pdftex.def Info: Images/hcmut.png  used on input line 167.
(pdftex.def)             Requested size: 34.13838pt x 34.13751pt.
 [69 <./Contents/MKhang/test_roc_auc_curve.png>]
<Contents/MKhang/epoch149_30.png, id=1549, 1137.4997pt x 921.4425pt>
File: Contents/MKhang/epoch149_30.png Graphic file (type png)
<use Contents/MKhang/epoch149_30.png>
Package pdftex.def Info: Contents/MKhang/epoch149_30.png  used on input line 176.
(pdftex.def)             Requested size: 364.19664pt x 295.0223pt.
<Contents/MKhang/epoch149_30(1).png, id=1550, 1344.52313pt x 310.91156pt>
File: Contents/MKhang/epoch149_30(1).png Graphic file (type png)
<use Contents/MKhang/epoch149_30(1).png>
Package pdftex.def Info: Contents/MKhang/epoch149_30(1).png  used on input line 181.
(pdftex.def)             Requested size: 364.19664pt x 84.21765pt.
File: Images/hcmut.png Graphic file (type png)
<use Images/hcmut.png>
Package pdftex.def Info: Images/hcmut.png  used on input line 184.
(pdftex.def)             Requested size: 34.13838pt x 34.13751pt.
 [70 <./Contents/MKhang/test_confusion_matrix.png>]
<Contents/MKhang/loss_curves (1).png, id=1557, 462.528pt x 346.896pt>
File: Contents/MKhang/loss_curves (1).png Graphic file (type png)
<use Contents/MKhang/loss_curves (1).png>
Package pdftex.def Info: Contents/MKhang/loss_curves (1).png  used on input line 187.
(pdftex.def)             Requested size: 364.19664pt x 273.16086pt.
<Contents/MKhang/test_pr_curve (1).png, id=1558, 462.528pt x 346.896pt>
File: Contents/MKhang/test_pr_curve (1).png Graphic file (type png)
<use Contents/MKhang/test_pr_curve (1).png>
Package pdftex.def Info: Contents/MKhang/test_pr_curve (1).png  used on input line 193.
(pdftex.def)             Requested size: 364.19664pt x 273.16086pt.
File: Images/hcmut.png Graphic file (type png)
<use Images/hcmut.png>
Package pdftex.def Info: Images/hcmut.png  used on input line 196.
(pdftex.def)             Requested size: 34.13838pt x 34.13751pt.
 [71 <./Contents/MKhang/epoch149_30.png> <./Contents/MKhang/epoch149_30(1).png>]
<Contents/MKhang/metrics_train_valid_test (1).png, id=1568, 867.24pt x 578.16pt>
File: Contents/MKhang/metrics_train_valid_test (1).png Graphic file (type png)
<use Contents/MKhang/metrics_train_valid_test (1).png>
Package pdftex.def Info: Contents/MKhang/metrics_train_valid_test (1).png  used on input line 199.
(pdftex.def)             Requested size: 364.19664pt x 242.79907pt.
File: Images/hcmut.png Graphic file (type png)
<use Images/hcmut.png>
Package pdftex.def Info: Images/hcmut.png  used on input line 203.
(pdftex.def)             Requested size: 34.13838pt x 34.13751pt.
 [72 <./Contents/MKhang/loss_curves (1).png> <./Contents/MKhang/test_pr_curve (1).png>]))
File: Images/hcmut.png Graphic file (type png)
<use Images/hcmut.png>
Package pdftex.def Info: Images/hcmut.png  used on input line 366.
(pdftex.def)             Requested size: 34.13838pt x 34.13751pt.
 [73 <./Contents/MKhang/metrics_train_valid_test (1).png>] (Contents/5_YeuCauHeThong.tex
File: Images/hcmut.png Graphic file (type png)
<use Images/hcmut.png>
Package pdftex.def Info: Images/hcmut.png  used on input line 22.
(pdftex.def)             Requested size: 34.13838pt x 34.13751pt.
 [74]
File: Images/hcmut.png Graphic file (type png)
<use Images/hcmut.png>
Package pdftex.def Info: Images/hcmut.png  used on input line 53.
(pdftex.def)             Requested size: 34.13838pt x 34.13751pt.
 [75]
File: Images/hcmut.png Graphic file (type png)
<use Images/hcmut.png>
Package pdftex.def Info: Images/hcmut.png  used on input line 86.
(pdftex.def)             Requested size: 34.13838pt x 34.13751pt.
 [76]
File: Images/hcmut.png Graphic file (type png)
<use Images/hcmut.png>
Package pdftex.def Info: Images/hcmut.png  used on input line 120.
(pdftex.def)             Requested size: 34.13838pt x 34.13751pt.
 [77]
File: Images/hcmut.png Graphic file (type png)
<use Images/hcmut.png>
Package pdftex.def Info: Images/hcmut.png  used on input line 157.
(pdftex.def)             Requested size: 34.13838pt x 34.13751pt.
 [78])
File: Images/hcmut.png Graphic file (type png)
<use Images/hcmut.png>
Package pdftex.def Info: Images/hcmut.png  used on input line 368.
(pdftex.def)             Requested size: 34.13838pt x 34.13751pt.
 [79] (Contents/6_PhanTichThietKeHeThong.tex
<Images/Usecase tổng quan.png, id=1626, 590.205pt x 723.70375pt>
File: Images/Usecase tổng quan.png Graphic file (type png)
<use Images/Usecase tổng quan.png>
Package pdftex.def Info: Images/Usecase tổng quan.png  used on input line 8.
(pdftex.def)             Requested size: 409.71689pt x 502.40395pt.
<Images/Usecase1.png, id=1627, 408.77719pt x 292.09125pt>
File: Images/Usecase1.png Graphic file (type png)
<use Images/Usecase1.png>
Package pdftex.def Info: Images/Usecase1.png  used on input line 15.
(pdftex.def)             Requested size: 409.71689pt x 292.78134pt.
File: Images/hcmut.png Graphic file (type png)
<use Images/hcmut.png>
Package pdftex.def Info: Images/hcmut.png  used on input line 50.
(pdftex.def)             Requested size: 34.13838pt x 34.13751pt.
 [80 <./Images/Usecase tổng quan.png>]
File: Images/hcmut.png Graphic file (type png)
<use Images/hcmut.png>
Package pdftex.def Info: Images/hcmut.png  used on input line 85.
(pdftex.def)             Requested size: 34.13838pt x 34.13751pt.
 [81 <./Images/Usecase1.png>]
<Images/Usecase2.png, id=1641, 383.93437pt x 228.10219pt>
File: Images/Usecase2.png Graphic file (type png)
<use Images/Usecase2.png>
Package pdftex.def Info: Images/Usecase2.png  used on input line 89.
(pdftex.def)             Requested size: 409.71689pt x 243.43692pt.
File: Images/hcmut.png Graphic file (type png)
<use Images/hcmut.png>
Package pdftex.def Info: Images/hcmut.png  used on input line 124.
(pdftex.def)             Requested size: 34.13838pt x 34.13751pt.
 [82 <./Images/Usecase2.png>]
<Images/Usecase3.png, id=1649, 415.5525pt x 267.24844pt>
File: Images/Usecase3.png Graphic file (type png)
<use Images/Usecase3.png>
Package pdftex.def Info: Images/Usecase3.png  used on input line 128.
(pdftex.def)             Requested size: 409.71689pt x 263.50429pt.
File: Images/hcmut.png Graphic file (type png)
<use Images/hcmut.png>
Package pdftex.def Info: Images/hcmut.png  used on input line 163.
(pdftex.def)             Requested size: 34.13838pt x 34.13751pt.
 [83 <./Images/Usecase3.png>]
<Images/Usecase4.png, id=1658, 409.53pt x 257.46187pt>
File: Images/Usecase4.png Graphic file (type png)
<use Images/Usecase4.png>
Package pdftex.def Info: Images/Usecase4.png  used on input line 167.
(pdftex.def)             Requested size: 409.71689pt x 257.59479pt.
File: Images/hcmut.png Graphic file (type png)
<use Images/hcmut.png>
Package pdftex.def Info: Images/hcmut.png  used on input line 203.
(pdftex.def)             Requested size: 34.13838pt x 34.13751pt.
 [84 <./Images/Usecase4.png>]
<Images/Usecase5.png, id=1666, 529.98pt x 251.94125pt>
File: Images/Usecase5.png Graphic file (type png)
<use Images/Usecase5.png>
Package pdftex.def Info: Images/Usecase5.png  used on input line 241.
(pdftex.def)             Requested size: 409.71689pt x 194.7719pt.
File: Images/hcmut.png Graphic file (type png)
<use Images/hcmut.png>
Package pdftex.def Info: Images/hcmut.png  used on input line 244.
(pdftex.def)             Requested size: 34.13838pt x 34.13751pt.
 [85]

Package hyperref Warning: Difference (3) between bookmark levels is greater 
(hyperref)                than one, level fixed on input line 282.

<Images/Act đăng nhập, đăng xuất.png, id=1674, 573.14125pt x 974.64125pt>
File: Images/Act đăng nhập, đăng xuất.png Graphic file (type png)
<use Images/Act đăng nhập, đăng xuất.png>
Package pdftex.def Info: Images/Act đăng nhập, đăng xuất.png  used on input line 287.
(pdftex.def)             Requested size: 318.66946pt x 541.91383pt.
File: Images/hcmut.png Graphic file (type png)
<use Images/hcmut.png>
Package pdftex.def Info: Images/hcmut.png  used on input line 290.
(pdftex.def)             Requested size: 34.13838pt x 34.13751pt.
[86 <./Images/Usecase5.png>]
<Images/Act trực quan hóa dữ liệu.png, id=1682, 532.99126pt x 1095.09125pt>
File: Images/Act trực quan hóa dữ liệu.png Graphic file (type png)
<use Images/Act trực quan hóa dữ liệu.png>
Package pdftex.def Info: Images/Act trực quan hóa dữ liệu.png  used on input line 293.
(pdftex.def)             Requested size: 318.66946pt x 654.75388pt.
File: Images/hcmut.png Graphic file (type png)
<use Images/hcmut.png>
Package pdftex.def Info: Images/hcmut.png  used on input line 296.
(pdftex.def)             Requested size: 34.13838pt x 34.13751pt.
 [87 <./Images/Act đăng nhập, đăng xuất.png>]
<Images/Act xem kết quả dạng bản đồ.png, id=1689, 492.84125pt x 1135.24126pt>
File: Images/Act xem kết quả dạng bản đồ.png Graphic file (type png)
<use Images/Act xem kết quả dạng bản đồ.png>
Package pdftex.def Info: Images/Act xem kết quả dạng bản đồ.png  used on input line 299.
(pdftex.def)             Requested size: 273.14922pt x 629.21756pt.
File: Images/hcmut.png Graphic file (type png)
<use Images/hcmut.png>
Package pdftex.def Info: Images/hcmut.png  used on input line 302.
(pdftex.def)             Requested size: 34.13838pt x 34.13751pt.
 [88 <./Images/Act trực quan hóa dữ liệu.png>]
<Images/Act xem và xuất báo cáo.png, id=1696, 492.84125pt x 1095.09125pt>
File: Images/Act xem và xuất báo cáo.png Graphic file (type png)
<use Images/Act xem và xuất báo cáo.png>
Package pdftex.def Info: Images/Act xem và xuất báo cáo.png  used on input line 305.
(pdftex.def)             Requested size: 273.14922pt x 606.96407pt.
File: Images/hcmut.png Graphic file (type png)
<use Images/hcmut.png>
Package pdftex.def Info: Images/hcmut.png  used on input line 308.
(pdftex.def)             Requested size: 34.13838pt x 34.13751pt.
 [89 <./Images/Act xem kết quả dạng bản đồ.png>]
<Images/Act dự báo lan truyền ùn tắc.png, id=1704, 532.99126pt x 1135.24126pt>
File: Images/Act dự báo lan truyền ùn tắc.png Graphic file (type png)
<use Images/Act dự báo lan truyền ùn tắc.png>
Package pdftex.def Info: Images/Act dự báo lan truyền ùn tắc.png  used on input line 311.
(pdftex.def)             Requested size: 318.66946pt x 678.75952pt.
File: Images/hcmut.png Graphic file (type png)
<use Images/hcmut.png>
Package pdftex.def Info: Images/hcmut.png  used on input line 314.
(pdftex.def)             Requested size: 34.13838pt x 34.13751pt.
 [90 <./Images/Act xem và xuất báo cáo.png>]
Overfull \vbox (13.49338pt too high) has occurred while \output is active []

File: Images/hcmut.png Graphic file (type png)
<use Images/hcmut.png>
Package pdftex.def Info: Images/hcmut.png  used on input line 314.
(pdftex.def)             Requested size: 34.13838pt x 34.13751pt.
 [91 <./Images/Act dự báo lan truyền ùn tắc.png>]
<Images/Sequence diagram/Login.png, id=1717, 754.82pt x 386.44376pt>
File: Images/Sequence diagram/Login.png Graphic file (type png)
<use Images/Sequence diagram/Login.png>
Package pdftex.def Info: Images/Sequence diagram/Login.png  used on input line 318.
(pdftex.def)             Requested size: 455.24408pt x 233.07095pt.
<Images/Sequence diagram/Logout.png, id=1718, 475.7775pt x 298.11375pt>
File: Images/Sequence diagram/Logout.png Graphic file (type png)
<use Images/Sequence diagram/Logout.png>
Package pdftex.def Info: Images/Sequence diagram/Logout.png  used on input line 324.
(pdftex.def)             Requested size: 409.71689pt x 256.73218pt.
<Images/Sequence diagram/Visualize Data.png, id=1719, 957.5775pt x 580.1675pt>
File: Images/Sequence diagram/Visualize Data.png Graphic file (type png)
<use Images/Sequence diagram/Visualize Data.png>
Package pdftex.def Info: Images/Sequence diagram/Visualize Data.png  used on input line 330.
(pdftex.def)             Requested size: 455.24408pt x 275.82143pt.
File: Images/hcmut.png Graphic file (type png)
<use Images/hcmut.png>
Package pdftex.def Info: Images/hcmut.png  used on input line 333.
(pdftex.def)             Requested size: 34.13838pt x 34.13751pt.
 [92 <./Images/Sequence diagram/Login.png> <./Images/Sequence diagram/Logout.png>]
<Images/Sequence diagram/Analysis Results Map.png, id=1727, 888.31876pt x 461.725pt>
File: Images/Sequence diagram/Analysis Results Map.png Graphic file (type png)
<use Images/Sequence diagram/Analysis Results Map.png>
Package pdftex.def Info: Images/Sequence diagram/Analysis Results Map.png  used on input line 336.
(pdftex.def)             Requested size: 455.24408pt x 236.62503pt.
<Images/Sequence diagram/View Analysis Results.png, id=1728, 896.34875pt x 461.725pt>
File: Images/Sequence diagram/View Analysis Results.png Graphic file (type png)
<use Images/Sequence diagram/View Analysis Results.png>
Package pdftex.def Info: Images/Sequence diagram/View Analysis Results.png  used on input line 342.
(pdftex.def)             Requested size: 455.24408pt x 234.50438pt.
File: Images/hcmut.png Graphic file (type png)
<use Images/hcmut.png>
Package pdftex.def Info: Images/hcmut.png  used on input line 345.
(pdftex.def)             Requested size: 34.13838pt x 34.13751pt.
 [93 <./Images/Sequence diagram/Visualize Data.png> <./Images/Sequence diagram/Analysis Results Map.png>]
<Images/Sequence diagram/Export Report.png, id=1736, 714.67pt x 490.83376pt>
File: Images/Sequence diagram/Export Report.png Graphic file (type png)
<use Images/Sequence diagram/Export Report.png>
Package pdftex.def Info: Images/Sequence diagram/Export Report.png  used on input line 348.
(pdftex.def)             Requested size: 455.24408pt x 312.66458pt.
<Images/Sequence diagram/Predict.png, id=1737, 1490.56876pt x 534.99875pt>
File: Images/Sequence diagram/Predict.png Graphic file (type png)
<use Images/Sequence diagram/Predict.png>
Package pdftex.def Info: Images/Sequence diagram/Predict.png  used on input line 354.
(pdftex.def)             Requested size: 455.24408pt x 163.3907pt.
File: Images/hcmut.png Graphic file (type png)
<use Images/hcmut.png>
Package pdftex.def Info: Images/hcmut.png  used on input line 357.
(pdftex.def)             Requested size: 34.13838pt x 34.13751pt.
 [94 <./Images/Sequence diagram/View Analysis Results.png> <./Images/Sequence diagram/Export Report.png>]

Package hyperref Warning: Difference (3) between bookmark levels is greater 
(hyperref)                than one, level fixed on input line 358.

<Images/ERD.png, id=1745, 1125.20375pt x 1105.12875pt>
File: Images/ERD.png Graphic file (type png)
<use Images/ERD.png>
Package pdftex.def Info: Images/ERD.png  used on input line 363.
(pdftex.def)             Requested size: 455.24408pt x 447.1194pt.
)
File: Images/hcmut.png Graphic file (type png)
<use Images/hcmut.png>
Package pdftex.def Info: Images/hcmut.png  used on input line 370.
(pdftex.def)             Requested size: 34.13838pt x 34.13751pt.
 [95 <./Images/Sequence diagram/Predict.png>]
File: Images/hcmut.png Graphic file (type png)
<use Images/hcmut.png>
Package pdftex.def Info: Images/hcmut.png  used on input line 370.
(pdftex.def)             Requested size: 34.13838pt x 34.13751pt.
 [96 <./Images/ERD.png>] (Contents/9_TongKet.tex)
File: Images/hcmut.png Graphic file (type png)
<use Images/hcmut.png>
Package pdftex.def Info: Images/hcmut.png  used on input line 376.
(pdftex.def)             Requested size: 34.13838pt x 34.13751pt.
 [97]
File: Images/hcmut.png Graphic file (type png)
<use Images/hcmut.png>
Package pdftex.def Info: Images/hcmut.png  used on input line 376.
(pdftex.def)             Requested size: 34.13838pt x 34.13751pt.
 [98] (Contents/10_KeHoachDATN.tex
File: Images/hcmut.png Graphic file (type png)
<use Images/hcmut.png>
Package pdftex.def Info: Images/hcmut.png  used on input line 43.
(pdftex.def)             Requested size: 34.13838pt x 34.13751pt.
 [99])
File: Images/hcmut.png Graphic file (type png)
<use Images/hcmut.png>
Package pdftex.def Info: Images/hcmut.png  used on input line 378.
(pdftex.def)             Requested size: 34.13838pt x 34.13751pt.
 [100] (Outro/TaiLieuThamKhao.tex
File: Images/hcmut.png Graphic file (type png)
<use Images/hcmut.png>
Package pdftex.def Info: Images/hcmut.png  used on input line 72.
(pdftex.def)             Requested size: 34.13838pt x 34.13751pt.
 [101])
File: Images/hcmut.png Graphic file (type png)
<use Images/hcmut.png>
Package pdftex.def Info: Images/hcmut.png  used on input line 381.
(pdftex.def)             Requested size: 34.13838pt x 34.13751pt.
 [102] (Outro/PhuLuc.tex
Underfull \hbox (badness 1983) in paragraph at lines 8--8
[]|\T5/lmr/bx/n/12 Thu�t ng� / K�
 []

File: Images/hcmut.png Graphic file (type png)
<use Images/hcmut.png>
Package pdftex.def Info: Images/hcmut.png  used on input line 46.
(pdftex.def)             Requested size: 34.13838pt x 34.13751pt.
[103]
File: Images/ERD.png Graphic file (type png)
<use Images/ERD.png>
Package pdftex.def Info: Images/ERD.png  used on input line 56.
(pdftex.def)             Requested size: 432.48048pt x 424.75922pt.


Package hyperref Warning: Token not allowed in a PDF string (Unicode):
(hyperref)                removing `alignment tab' on input line 60.

File: Images/hcmut.png Graphic file (type png)
<use Images/hcmut.png>
Package pdftex.def Info: Images/hcmut.png  used on input line 71.
(pdftex.def)             Requested size: 34.13838pt x 34.13751pt.
[104]) 
AED: lastpage setting LastPage
File: Images/hcmut.png Graphic file (type png)
<use Images/hcmut.png>
Package pdftex.def Info: Images/hcmut.png  used on input line 383.
(pdftex.def)             Requested size: 34.13838pt x 34.13751pt.
[105] (main.aux)
 ***********
LaTeX2e <2023-11-01> patch level 1
L3 programming layer <2024-01-04>
 ***********


LaTeX Warning: There were undefined references.


LaTeX Warning: There were multiply-defined labels.

Package rerunfilecheck Info: File `main.out' has not changed.
(rerunfilecheck)             Checksum: 79D253D4258C0BD3366DED574A1C3907;42004.

Package biblatex Warning: Please (re)run Biber on the file:
(biblatex)                main
(biblatex)                and rerun LaTeX afterwards.

Package logreq Info: Writing requests to 'main.run.xml'.
\openout1 = `main.run.xml'.

 )
(\end occurred inside a group at level 1)

### simple group (level 1) entered at line 40 ({)
### bottom level 
Here is how much of TeX's memory you used:
 42560 strings out of 474486
 837174 string characters out of 5743754
 1979542 words of memory out of 5000000
 63557 multiletter control sequences out of 15000+600000
 698541 words of font info for 103 fonts, out of 8000000 for 9000
 1141 hyphenation exceptions out of 8191
 119i,25n,154p,1405b,1486s stack positions out of 10000i,1000n,20000p,200000b,200000s
<C:/Users/khanh/AppData/Local/Programs/MiKTeX/fonts/type1/public/lm/lmbx10.pfb><C:/Users/khanh/AppData/Local/Programs/MiKTeX/fonts/type1/public/lm/lmbx12.pfb><C:/Users/khanh/AppData/Local/Programs/MiKTeX/fonts/type1/public/lm/lmbx8.pfb><C:/Users/khanh/AppData/Local/Programs/MiKTeX/fonts/type1/public/lm/lmex10.pfb><C:/Users/khanh/AppData/Local/Programs/MiKTeX/fonts/type1/public/lm/lmmi12.pfb><C:/Users/khanh/AppData/Local/Programs/MiKTeX/fonts/type1/public/lm/lmmi6.pfb><C:/Users/khanh/AppData/Local/Programs/MiKTeX/fonts/type1/public/lm/lmmi8.pfb><C:/Users/khanh/AppData/Local/Programs/MiKTeX/fonts/type1/public/lm/lmr10.pfb><C:/Users/khanh/AppData/Local/Programs/MiKTeX/fonts/type1/public/lm/lmr12.pfb><C:/Users/khanh/AppData/Local/Programs/MiKTeX/fonts/type1/public/lm/lmr17.pfb><C:/Users/khanh/AppData/Local/Programs/MiKTeX/fonts/type1/public/lm/lmr6.pfb><C:/Users/khanh/AppData/Local/Programs/MiKTeX/fonts/type1/public/lm/lmr8.pfb><C:/Users/khanh/AppData/Local/Programs/MiKTeX/fonts/type1/public/lm/lmri10.pfb><C:/Users/khanh/AppData/Local/Programs/MiKTeX/fonts/type1/public/lm/lmri12.pfb><C:/Users/khanh/AppData/Local/Programs/MiKTeX/fonts/type1/public/lm/lmss10.pfb><C:/Users/khanh/AppData/Local/Programs/MiKTeX/fonts/type1/public/lm/lmsy10.pfb><C:/Users/khanh/AppData/Local/Programs/MiKTeX/fonts/type1/public/lm/lmsy6.pfb><C:/Users/khanh/AppData/Local/Programs/MiKTeX/fonts/type1/public/lm/lmsy8.pfb><C:/Users/khanh/AppData/Local/Programs/MiKTeX/fonts/type1/public/lm/lmtt10.pfb><C:/Users/khanh/AppData/Local/Programs/MiKTeX/fonts/type1/public/lm/lmtt12.pfb><C:/Users/khanh/AppData/Local/Programs/MiKTeX/fonts/type1/public/amsfonts/symbols/msbm10.pfb>
Output written on main.pdf (119 pages, 4275979 bytes).
PDF statistics:
 2025 PDF objects out of 2073 (max. 8388607)
 461 named destinations out of 1000 (max. 500000)
 1625 words of extra memory for PDF output out of 10000 (max. 10000000)

